,index,GEOID,FULL_ADDRESS,MUNICIPALITY,COUNTY,STATE,ZIP_CODE,LATITUDE,LONGITUDE,simulated_income,simulated_commute_car
0,1,42003101100,5267 KEYSTONE ST,PITTSBURGH,ALLEGHENY COUNTY,PA,15201.0,40.480946200000005,-79.95169179999999,61681,1
1,3,42003050600,817 ANAHEIM ST,PITTSBURGH,ALLEGHENY COUNTY,PA,15219.0,40.4520011,-79.9597186,129396,1
2,5,42003320700,2117 PARKLYN ST,PITTSBURGH,ALLEGHENY COUNTY,PA,15234.0,40.3877005,-80.0048533,73065,1
3,6,42003290200,131 E WOODFORD AVE,PITTSBURGH,ALLEGHENY COUNTY,PA,15210.0,40.3933823,-79.9831242,36609,1
4,8,42003562600,1031 FREDONIA ST,PITTSBURGH,ALLEGHENY COUNTY,PA,15220.0,40.4441342,-80.0419431,124936,1
5,9,42003191700,627 SOUTHCREST DR,PITTSBURGH,ALLEGHENY COUNTY,PA,15226.0,40.4068148,-80.0100833,38507,1
6,12,42003050600,924 CLARISSA ST,PITTSBURGH,ALLEGHENY COUNTY,PA,15219.0,40.452073,-79.95783940000001,231414,1
7,13,42003120300,1004 WASHINGTON BLVD,PITTSBURGH,ALLEGHENY COUNTY,PA,15206.0,40.463495200000004,-79.9054611,143011,1
8,14,42003191800,750 BAYRIDGE AVE,PITTSBURGH,ALLEGHENY COUNTY,PA,15226.0,40.39196,-80.0227819,54332,1
9,15,42003040900,2 DAWSON CT,PITTSBURGH,ALLEGHENY COUNTY,PA,15213.0,40.4310537,-79.95460779999999,197299,1
10,16,42003563000,3538 OLTMAN ST,PITTSBURGH,ALLEGHENY COUNTY,PA,15204.0,40.4557935,-80.0699677,123271,1
11,19,42003080900,132 LATHAM ST,PITTSBURGH,ALLEGHENY COUNTY,PA,15206.0,40.4637506,-79.9366875,72829,1
12,23,42003101400,910 JANCEY ST,PITTSBURGH,ALLEGHENY COUNTY,PA,15206.0,40.4755472,-79.93073940000001,96284,1
13,24,42003140800,6644 DARLINGTON RD,PITTSBURGH,ALLEGHENY COUNTY,PA,15217.0,40.434413799999994,-79.9153859,36779,1
14,25,42003101700,4923 BROAD ST,PITTSBURGH,ALLEGHENY COUNTY,PA,15224.0,40.466817,-79.9436642,44108,1
15,29,42003080600,355 S ATLANTIC AVE,PITTSBURGH,ALLEGHENY COUNTY,PA,15224.0,40.4608249,-79.9387983,24706,1
16,30,42003100500,5036 SOMERVILLE ST,PITTSBURGH,ALLEGHENY COUNTY,PA,15201.0,40.4773864,-79.9337447,56431,1
17,31,42003160900,138 S 25TH ST,PITTSBURGH,ALLEGHENY COUNTY,PA,15203.0,40.4256488,-79.9713772,106897,1
18,36,42003562900,4713 MONONGAHELA ST,PITTSBURGH,ALLEGHENY COUNTY,PA,15207.0,40.4126955,-79.9427762,38080,1
19,37,42003310200,1327 APDALE ST,PITTSBURGH,ALLEGHENY COUNTY,PA,15207.0,40.364214200000006,-79.9108717,49201,1
20,38,42003180300,60 MILLBRIDGE ST,PITTSBURGH,ALLEGHENY COUNTY,PA,15210.0,40.422480799999995,-79.99622,117286,1
21,40,42003101800,1637 EL PASO ST,PITTSBURGH,ALLEGHENY COUNTY,PA,15206.0,40.4862238,-79.9305186,42340,1
22,41,42003241200,1022 HIGH ST,PITTSBURGH,ALLEGHENY COUNTY,PA,15212.0,40.4607315,-79.992956,86889,1
23,42,42003310300,110 N CIRCLE AVE,PITTSBURGH,ALLEGHENY COUNTY,PA,15207.0,40.388934000000006,-79.929266,86889,1
24,43,42003562900,4601 IRVINE ST,PITTSBURGH,ALLEGHENY COUNTY,PA,15207.0,40.4142877,-79.9454986,51008,1
25,44,42003160800,2423 ARLINGTON AVE APT 1,PITTSBURGH,ALLEGHENY COUNTY,PA,15210.0,40.4177568,-79.97210190000001,63648,1
26,45,42003170200,1717 SARAH ST,PITTSBURGH,ALLEGHENY COUNTY,PA,15203.0,40.4281091,-79.98137320000001,56755,1
27,46,42003191700,724 MAYVILLE AVE,PITTSBURGH,ALLEGHENY COUNTY,PA,15226.0,40.4012256,-80.0108505,49529,1
28,47,42003020100,20 CHATHAM SQ,PITTSBURGH,ALLEGHENY COUNTY,PA,15219.0,40.4408506,-79.9932912,138570,1
29,48,42003192000,1950 BROADWAY AVE,PITTSBURGH,ALLEGHENY COUNTY,PA,15216.0,40.406999,-80.03107299999999,19923,1
30,50,42003160900,2626 TUNNEL BLVD APT 448,PITTSBURGH,ALLEGHENY COUNTY,PA,15203.0,40.42838629999999,-79.96723990000001,61142,1
31,52,42003191400,200 COWAN ST APT 101,PITTSBURGH,ALLEGHENY COUNTY,PA,15211.0,40.4279149,-80.0104649,16487,1
32,56,42003040200,205 CHESTERFIELD RD,PITTSBURGH,ALLEGHENY COUNTY,PA,15213.0,40.439732899999996,-79.9634613,188167,1
33,58,42003111400,5438 HILLCREST ST,PITTSBURGH,ALLEGHENY COUNTY,PA,15206.0,40.4669716,-79.93251020000001,20187,1
34,60,42003141400,6623 BIRCHWOOD AVE,PITTSBURGH,ALLEGHENY COUNTY,PA,15217.0,40.423101,-79.92316679999999,136407,1
35,61,42003151700,914 FLEMINGTON ST,PITTSBURGH,ALLEGHENY COUNTY,PA,15217.0,40.426994799999996,-79.9303788,31343,1
36,63,42003562400,455 DRYCOVE ST,PITTSBURGH,ALLEGHENY COUNTY,PA,15210.0,40.407289,-80.00077900000001,87758,1
37,64,42003202300,2527 HAYSON AVE,PITTSBURGH,ALLEGHENY COUNTY,PA,15220.0,40.4052308,-80.0482702,188452,1
38,66,42003469000,141 OAKVILLE DR,PITTSBURGH,ALLEGHENY COUNTY,PA,15220.0,40.4176981,-80.0422615,96754,1
39,67,42003050600,3442 WEBSTER AVE,PITTSBURGH,ALLEGHENY COUNTY,PA,15219.0,40.45629879999999,-79.9581373,58761,1
40,68,42003563100,1231 DENISONVIEW ST,PITTSBURGH,ALLEGHENY COUNTY,PA,15205.0,40.435379,-80.04772729999999,45526,1
41,69,42003290400,2321 VALERA AVE,PITTSBURGH,ALLEGHENY COUNTY,PA,15210.0,40.3875705,-79.9867629,99682,1
42,71,42003191600,1318 FALLOWFIELD AVE,PITTSBURGH,ALLEGHENY COUNTY,PA,15216.0,40.4153569,-80.02449399999999,95466,1
43,72,42003290100,11 ELLENDELL ST,PITTSBURGH,ALLEGHENY COUNTY,PA,15210.0,40.4000035,-79.9934755,39677,1
44,73,42003190300,506 W SYCAMORE ST,PITTSBURGH,ALLEGHENY COUNTY,PA,15211.0,40.4332227,-80.0129156,20625,1
45,74,42003563200,942 ITIN ST,PITTSBURGH,ALLEGHENY COUNTY,PA,15212.0,40.458310499999996,-79.99647519999999,75879,1
46,76,42003040900,3336 PARKVIEW AVE,PITTSBURGH,ALLEGHENY COUNTY,PA,15213.0,40.4322769,-79.9524128,113422,1
47,77,42003170200,82 S 19TH ST,PITTSBURGH,ALLEGHENY COUNTY,PA,15203.0,40.4289518,-79.9798228,40798,1
48,78,42003271500,1128 WOODLAND AVE,PITTSBURGH,ALLEGHENY COUNTY,PA,15212.0,40.4705064,-80.0271364,46650,1
49,79,42003170600,57 GREGORY ST,PITTSBURGH,ALLEGHENY COUNTY,PA,15203.0,40.4241435,-79.9796248,152793,1
50,80,42003060500,3409 BETHOVEN ST,PITTSBURGH,ALLEGHENY COUNTY,PA,15219.0,40.4581406,-79.9618345,17536,1
51,83,42003100500,920 MILLERDALE ST,PITTSBURGH,ALLEGHENY COUNTY,PA,15201.0,40.476926899999995,-79.9373307,102117,1
52,85,42003561600,323 ROTHMAN ST,PITTSBURGH,ALLEGHENY COUNTY,PA,15210.0,40.413896,-79.9735223,91024,1
53,86,42003270800,3967 KLEBER ST,PITTSBURGH,ALLEGHENY COUNTY,PA,15212.0,40.488493299999995,-80.03814969999999,50694,1
54,89,42003180300,909 MCLAIN ST,PITTSBURGH,ALLEGHENY COUNTY,PA,15210.0,40.4244099,-79.9910111,123436,1
55,91,42003080700,121 ROUP AVE,PITTSBURGH,ALLEGHENY COUNTY,PA,15206.0,40.463233100000004,-79.93410340000001,149103,1
56,92,42003020100,151 FORT PITT BLVD UNIT 1203,PITTSBURGH,ALLEGHENY COUNTY,PA,15222.0,40.4385427,-80.00487700000001,209948,1
57,95,42003101400,1616 DUFFIELD ST,PITTSBURGH,ALLEGHENY COUNTY,PA,15206.0,40.484312200000005,-79.9299103,17373,1
58,96,42003140600,537 EAST END AVE,PITTSBURGH,ALLEGHENY COUNTY,PA,15221.0,40.440650700000006,-79.8961015,52988,1
59,97,42003050600,3530 BALBOA ST,PITTSBURGH,ALLEGHENY COUNTY,PA,15213.0,40.456483399999996,-79.9600706,36339,1
60,98,42003110600,6041 STANTON AVE,PITTSBURGH,ALLEGHENY COUNTY,PA,15206.0,40.469402,-79.9191651,97555,1
61,99,42003190300,223 ULYSSES ST,PITTSBURGH,ALLEGHENY COUNTY,PA,15211.0,40.432059100000004,-80.01235809999999,22359,1
62,100,42003160900,2323 E CARSON ST,PITTSBURGH,ALLEGHENY COUNTY,PA,15203.0,40.428503000000006,-79.9720618,22359,1
63,101,42003070300,5627 5TH AVE,PITTSBURGH,ALLEGHENY COUNTY,PA,15232.0,40.449965399999996,-79.9305054,228521,1
64,103,42003192000,1604 DAGMAR AVE,PITTSBURGH,ALLEGHENY COUNTY,PA,15216.0,40.409664,-80.02323100000001,119255,1
65,104,42003192000,2366 FREMONT PL,PITTSBURGH,ALLEGHENY COUNTY,PA,15216.0,40.401021500000006,-80.0311939,139838,1
66,105,42003562800,102 PENSDALE ST,PITTSBURGH,ALLEGHENY COUNTY,PA,15205.0,40.4272959,-80.0631587,178780,1
67,106,42003060500,3017 PAULOWNA ST,PITTSBURGH,ALLEGHENY COUNTY,PA,15219.0,40.4560042,-79.9675129,83578,1
68,107,42003130200,7117 RACE ST,PITTSBURGH,ALLEGHENY COUNTY,PA,15208.0,40.4592705,-79.89677929999999,220190,1
69,111,42003320700,145 GROVELAND ST,PITTSBURGH,ALLEGHENY COUNTY,PA,15234.0,40.3837365,-79.9995349,153907,1
70,114,42003020100,615 1ST AVE APT 515,PITTSBURGH,ALLEGHENY COUNTY,PA,15219.0,40.43618,-79.9968824,249004,1
71,115,42003170200,1020 E CARSON ST,PITTSBURGH,ALLEGHENY COUNTY,PA,15203.0,40.4282065,-79.98803609999999,88565,1
72,116,42003191800,2821 MIDLAND ST,PITTSBURGH,ALLEGHENY COUNTY,PA,15226.0,40.3920344,-80.02630359999999,138441,1
73,117,42003290400,421 OLIVET AVE,PITTSBURGH,ALLEGHENY COUNTY,PA,15210.0,40.385492600000006,-79.98980429999999,37268,1
74,118,42003191900,901 ROSSMORE AVE,PITTSBURGH,ALLEGHENY COUNTY,PA,15226.0,40.3948663,-80.01731559999999,37252,1
75,121,42003261400,2439 LYZELL ST,PITTSBURGH,ALLEGHENY COUNTY,PA,15214.0,40.4696427,-80.00622299999999,56136,1
76,123,42003561900,7118 GLADEFIELD ST,PITTSBURGH,ALLEGHENY COUNTY,PA,15206.0,40.4655598,-79.895677,20447,1
77,124,42003020100,28 MARKET SQ,PITTSBURGH,ALLEGHENY COUNTY,PA,15222.0,40.440754999999996,-80.0023072,183165,1
78,125,42003320600,1800 WHITED ST UNIT 31,PITTSBURGH,ALLEGHENY COUNTY,PA,15210.0,40.3939098,-79.9984132,20896,1
79,126,42003220600,22 W NORTH AVE,PITTSBURGH,ALLEGHENY COUNTY,PA,15212.0,40.4556697,-80.007228,203845,1
80,128,42003563100,1450 POPLAR ST,PITTSBURGH,ALLEGHENY COUNTY,PA,15205.0,40.4298518,-80.05720050000001,36034,1
81,129,42003111300,6026 STANTON AVE,PITTSBURGH,ALLEGHENY COUNTY,PA,15206.0,40.4690831,-79.91957990000002,56780,1
82,131,42003140400,701 GETTYSBURG ST,PITTSBURGH,ALLEGHENY COUNTY,PA,15206.0,40.446878600000005,-79.9178109,209974,1
83,132,42003202300,1240 KIRSOPP AVE,PITTSBURGH,ALLEGHENY COUNTY,PA,15220.0,40.4136963,-80.0386235,40977,1
84,133,42003191800,1632 ROCKFORD AVE,PITTSBURGH,ALLEGHENY COUNTY,PA,15226.0,40.385025399999996,-80.01237840000002,67789,1
85,135,42003141400,5854 ALDERSON ST,PITTSBURGH,ALLEGHENY COUNTY,PA,15217.0,40.4281403,-79.9233809,73121,1
86,137,42003140500,7234 THOMAS BLVD,PITTSBURGH,ALLEGHENY COUNTY,PA,15208.0,40.450228700000004,-79.8996297,37853,1
87,139,42003140100,5400 WILKINS AVE,PITTSBURGH,ALLEGHENY COUNTY,PA,15217.0,40.4460447,-79.93454179999999,139783,1
88,141,42003310200,5313 HALCHESS ST,PITTSBURGH,ALLEGHENY COUNTY,PA,15207.0,40.3684972,-79.90846040000001,73876,1
89,142,42003101100,5241 KENT WAY,PITTSBURGH,ALLEGHENY COUNTY,PA,15201.0,40.4797829,-79.952221,16667,1
90,143,42003290100,254 PARKFIELD ST,PITTSBURGH,ALLEGHENY COUNTY,PA,15210.0,40.3927612,-79.989251,109229,1
91,144,42003120700,835 INWOOD ST,PITTSBURGH,ALLEGHENY COUNTY,PA,15208.0,40.4593255,-79.9050566,18661,1
92,145,42003563200,911 CONSTANCE ST,PITTSBURGH,ALLEGHENY COUNTY,PA,15212.0,40.4571198,-79.994555,123765,1
93,146,42003191500,620 BOGGS AVE,PITTSBURGH,ALLEGHENY COUNTY,PA,15211.0,40.4210923,-80.0109855,76052,1
94,147,42003090100,188 41ST ST,PITTSBURGH,ALLEGHENY COUNTY,PA,15201.0,40.470023299999994,-79.96252109999999,216019,1
95,148,42003170600,101 BROSVILLE ST,PITTSBURGH,ALLEGHENY COUNTY,PA,15203.0,40.4244723,-79.9870937,246971,1
96,149,42003080900,229 GROSS ST,PITTSBURGH,ALLEGHENY COUNTY,PA,15224.0,40.4635214,-79.94370740000001,33655,1
97,155,42003070800,100 DENNISTON ST UNIT 413,PITTSBURGH,ALLEGHENY COUNTY,PA,15206.0,40.4580953,-79.9188249,24858,1
98,160,42003192000,1838 FALLOWFIELD AVE,PITTSBURGH,ALLEGHENY COUNTY,PA,15216.0,40.4068766,-80.0240311,98651,1
99,161,42003290200,1209 1/2 TRANSVERSE AVE,PITTSBURGH,ALLEGHENY COUNTY,PA,15210.0,40.4051227,-79.9844895,32358,1
100,162,42003170200,179 S 16TH ST,PITTSBURGH,ALLEGHENY COUNTY,PA,15203.0,40.4265924,-79.98259279999999,109382,1
101,167,42003561600,209 DENGLER ST,PITTSBURGH,ALLEGHENY COUNTY,PA,15210.0,40.415190100000004,-79.96742579999999,106401,1
102,171,42003240600,1408 LAGER ST,PITTSBURGH,ALLEGHENY COUNTY,PA,15212.0,40.463102899999996,-79.98365759999999,39242,1
103,172,42003281500,1127 STEUBEN ST,PITTSBURGH,ALLEGHENY COUNTY,PA,15220.0,40.44086,-80.04648809999999,49698,1
104,173,42003270100,3704 MILLERTON AVE,PITTSBURGH,ALLEGHENY COUNTY,PA,15212.0,40.4816735,-80.0449114,31432,1
105,174,42003320700,215 BRIGGS ST,PITTSBURGH,ALLEGHENY COUNTY,PA,15234.0,40.3879895,-80.0027,31432,1
106,176,42003192000,2312 CANDACE ST,PITTSBURGH,ALLEGHENY COUNTY,PA,15216.0,40.4019951,-80.03224859999999,90424,1
107,177,42003562600,901 WILHELM ST,PITTSBURGH,ALLEGHENY COUNTY,PA,15220.0,40.4446972,-80.0381186,90424,1
108,178,42003141300,2140 MURRAY AVE,PITTSBURGH,ALLEGHENY COUNTY,PA,15217.0,40.4321534,-79.9253741,30891,1
109,179,42003151700,739 MONTCLAIR ST,PITTSBURGH,ALLEGHENY COUNTY,PA,15217.0,40.4211255,-79.931794,83171,1
110,180,42003563000,3501 VILLAGE RD,PITTSBURGH,ALLEGHENY COUNTY,PA,15205.0,40.449962,-80.0752435,176911,1
111,182,42003562500,3003 ZEPHYR AVE,PITTSBURGH,ALLEGHENY COUNTY,PA,15204.0,40.4566836,-80.0543743,56723,1
112,183,42003562900,4318 BRISTOL ST,PITTSBURGH,ALLEGHENY COUNTY,PA,15207.0,40.418512799999995,-79.9447522,40133,1
113,184,42003191400,270 PROSPECT ST,PITTSBURGH,ALLEGHENY COUNTY,PA,15211.0,40.427206,-80.0124141,102919,1
114,185,42003141400,6535 ROSEMOOR ST,PITTSBURGH,ALLEGHENY COUNTY,PA,15217.0,40.423101,-79.92316679999999,63314,1
115,186,42003202200,3126 MIDDLETOWN RD,PITTSBURGH,ALLEGHENY COUNTY,PA,15204.0,40.4509001,-80.0665161,40507,1
116,187,42003270300,1625 ANTRIM ST,PITTSBURGH,ALLEGHENY COUNTY,PA,15212.0,40.4748402,-80.0380131,17689,1
117,188,42003563100,2064 ARNOLD ACRES DR,PITTSBURGH,ALLEGHENY COUNTY,PA,15205.0,40.4274817,-80.049374,136287,1
118,190,42003040600,3722 PARKVIEW AVE,PITTSBURGH,ALLEGHENY COUNTY,PA,15213.0,40.4372459,-79.95075159999999,111336,1
119,191,42003170600,1857 ARLINGTON AVE,PITTSBURGH,ALLEGHENY COUNTY,PA,15210.0,40.4204445,-79.985902,110178,1
120,192,42003101400,1604 JANCEY ST,PITTSBURGH,ALLEGHENY COUNTY,PA,15206.0,40.4835758,-79.92814090000002,17847,1
121,193,42003191800,1060 NORWICH AVE,PITTSBURGH,ALLEGHENY COUNTY,PA,15226.0,40.387739200000006,-80.02008559999999,66663,1
122,194,42003563200,608 E NORTH AVE,PITTSBURGH,ALLEGHENY COUNTY,PA,15212.0,40.45760670000001,-79.9999163,19138,1
123,195,42003151600,500 GREENFIELD AVE,PITTSBURGH,ALLEGHENY COUNTY,PA,15207.0,40.4249793,-79.94179229999999,92773,1
124,197,42003191100,388 FINGAL ST,PITTSBURGH,ALLEGHENY COUNTY,PA,15211.0,40.4373678,-80.0293921,90278,1
125,198,42003110600,6300 JACKSON ST,PITTSBURGH,ALLEGHENY COUNTY,PA,15206.0,40.4702835,-79.912368,55632,1
126,199,42003110600,6025 STANTON AVE,PITTSBURGH,ALLEGHENY COUNTY,PA,15206.0,40.469617,-79.9199499,73268,1
127,201,42003120700,6921 HAMILTON AVE,PITTSBURGH,ALLEGHENY COUNTY,PA,15208.0,40.4562105,-79.90339859999999,37793,1
128,202,42003151700,629 BLANTON ST,PITTSBURGH,ALLEGHENY COUNTY,PA,15207.0,40.4247965,-79.93889659999999,32864,1
129,203,42003191700,1923 PIONEER AVE,PITTSBURGH,ALLEGHENY COUNTY,PA,15226.0,40.4058673,-80.00943259999998,218637,1
130,204,42003562600,735 WYMORE ST,PITTSBURGH,ALLEGHENY COUNTY,PA,15220.0,40.4403023,-80.0421375,56283,1
131,205,42003563200,914 CEDAR AVE,PITTSBURGH,ALLEGHENY COUNTY,PA,15212.0,40.4553339,-80.0020614,17179,1
132,207,42003320700,2235 BERNARD ST,PITTSBURGH,ALLEGHENY COUNTY,PA,15234.0,40.3863141,-80.0047178,31532,1
133,208,42003281400,1103 FREDONIA ST,PITTSBURGH,ALLEGHENY COUNTY,PA,15220.0,40.445793,-80.0440827,62869,1
134,212,42003562800,66 CRAFTMONT AVE,PITTSBURGH,ALLEGHENY COUNTY,PA,15205.0,40.4275135,-80.0667173,52188,1
135,213,42003320400,702 ESTHER ST,PITTSBURGH,ALLEGHENY COUNTY,PA,15227.0,40.3832795,-79.9905486,131236,1
136,214,42003562300,536 HAZELWOOD AVE,PITTSBURGH,ALLEGHENY COUNTY,PA,15207.0,40.4179519,-79.9359542,33734,1
137,215,42003260700,123 DUNLAP ST,PITTSBURGH,ALLEGHENY COUNTY,PA,15214.0,40.486208700000006,-80.0127711,65466,1
138,217,42003191800,1301 OAKRIDGE ST,PITTSBURGH,ALLEGHENY COUNTY,PA,15226.0,40.3918781,-80.00983520000001,49816,1
139,219,42003090300,4214 MILGATE ST,PITTSBURGH,ALLEGHENY COUNTY,PA,15224.0,40.4648323,-79.9527427,17592,1
140,222,42003562900,312 BIGELOW ST,PITTSBURGH,ALLEGHENY COUNTY,PA,15207.0,40.4195438,-79.94314229999999,49165,1
141,223,42003310300,836 OAKVILLE ST,PITTSBURGH,ALLEGHENY COUNTY,PA,15120.0,40.3809356,-79.9186457,62933,1
142,225,42003320700,220 WYCHELM ST,PITTSBURGH,ALLEGHENY COUNTY,PA,15234.0,40.384989000000004,-80.0015939,15287,1
143,227,42003101400,1811 JANCEY ST,PITTSBURGH,ALLEGHENY COUNTY,PA,15206.0,40.4868655,-79.92579350000001,21231,1
144,228,42003260200,509 WABANA ST,PITTSBURGH,ALLEGHENY COUNTY,PA,15214.0,40.4905586,-80.0241184,24960,1
145,232,42003310200,5204 INTERBORO AVE,PITTSBURGH,ALLEGHENY COUNTY,PA,15207.0,40.3715982,-79.9128937,105432,1
146,234,42003562500,3044 GLEN MAWR ST,PITTSBURGH,ALLEGHENY COUNTY,PA,15204.0,40.4576277,-80.0532939,30000,1
147,235,42003140800,1868 SHAW AVE,PITTSBURGH,ALLEGHENY COUNTY,PA,15217.0,40.4360777,-79.9115028,97911,1
148,236,42003110200,1402 N NEGLEY AVE,PITTSBURGH,ALLEGHENY COUNTY,PA,15206.0,40.4788957,-79.9221013,21371,1
149,237,42003310200,1032 LINDBERG AVE,PITTSBURGH,ALLEGHENY COUNTY,PA,15120.0,40.3770494,-79.9139363,119103,1
150,240,42003563200,908 CONSTANCE ST,PITTSBURGH,ALLEGHENY COUNTY,PA,15212.0,40.4572469,-79.9942033,20144,1
151,242,42003110600,6621 JACKSON ST,PITTSBURGH,ALLEGHENY COUNTY,PA,15206.0,40.4747477,-79.913163,194483,1
152,243,42003101800,4239 UPVIEW TER,PITTSBURGH,ALLEGHENY COUNTY,PA,15201.0,40.4796463,-79.9442738,155313,1
153,244,42003151700,916 DEELY ST,PITTSBURGH,ALLEGHENY COUNTY,PA,15217.0,40.42288920000001,-79.9329993,65509,1
154,248,42003141400,5888 BURCHFIELD AVE,PITTSBURGH,ALLEGHENY COUNTY,PA,15217.0,40.4261396,-79.925259,108159,1
155,251,42003270400,1529 SUPERIOR AVE,PITTSBURGH,ALLEGHENY COUNTY,PA,15212.0,40.4653633,-80.03000300000001,30389,1
156,254,42003562600,12 WABASH ST,PITTSBURGH,ALLEGHENY COUNTY,PA,15220.0,40.4413608,-80.0355885,18449,1
157,255,42003270400,1311 SUPERIOR AVE,PITTSBURGH,ALLEGHENY COUNTY,PA,15212.0,40.467493,-80.0290772,22194,1
158,256,42003980700,170 E STATION SQUARE DR APT 465,PITTSBURGH,ALLEGHENY COUNTY,PA,15219.0,40.434191999999996,-80.0058109,118054,1
159,257,42003141400,6524 LILAC ST,PITTSBURGH,ALLEGHENY COUNTY,PA,15217.0,40.423101,-79.92316679999999,119238,1
160,258,42003110600,6328 WELLESLEY AVE,PITTSBURGH,ALLEGHENY COUNTY,PA,15206.0,40.471425399999994,-79.9141817,215700,1
161,260,42003191600,1425 WESTFIELD ST,PITTSBURGH,ALLEGHENY COUNTY,PA,15216.0,40.4117,-80.01877309999999,40964,1
162,266,42003141100,208 WHIPPLE ST,PITTSBURGH,ALLEGHENY COUNTY,PA,15218.0,40.422092,-79.8995645,120862,1
163,267,42003101100,5258 DRESDEN WAY,PITTSBURGH,ALLEGHENY COUNTY,PA,15201.0,40.4814566,-79.9524152,144229,1
164,268,42003120400,536 LOWELL ST,PITTSBURGH,ALLEGHENY COUNTY,PA,15206.0,40.463005200000005,-79.9094976,24821,1
165,269,42003101700,314 N ATLANTIC AVE,PITTSBURGH,ALLEGHENY COUNTY,PA,15224.0,40.4670275,-79.9367695,15613,1
166,271,42003090200,4201 POST ST,PITTSBURGH,ALLEGHENY COUNTY,PA,15201.0,40.4670115,-79.9555865,76837,1
167,272,42003070600,5741 KENTUCKY AVE,PITTSBURGH,ALLEGHENY COUNTY,PA,15232.0,40.4510273,-79.9290795,56780,1
168,274,42003140500,6952 MEADE ST,PITTSBURGH,ALLEGHENY COUNTY,PA,15208.0,40.4515175,-79.9066835,30848,1
169,275,42003250300,300 JACKSONIA ST,PITTSBURGH,ALLEGHENY COUNTY,PA,15212.0,40.457983299999995,-80.0106065,34698,1
170,276,42003260200,4044 FRANKLIN RD,PITTSBURGH,ALLEGHENY COUNTY,PA,15214.0,40.4922785,-80.01767579999999,83205,1
171,278,42003260200,230 BASCOM AVE,PITTSBURGH,ALLEGHENY COUNTY,PA,15214.0,40.4945195,-80.0243897,142160,1
172,279,42003241200,1141 ITIN ST,PITTSBURGH,ALLEGHENY COUNTY,PA,15212.0,40.4607315,-79.992956,40628,1
173,280,42003170200,57 S 10TH ST,PITTSBURGH,ALLEGHENY COUNTY,PA,15203.0,40.429050399999994,-79.9880543,123364,1
174,281,42003070900,12 BROWNELL ST,PITTSBURGH,ALLEGHENY COUNTY,PA,15232.0,40.454359100000005,-79.9348052,173380,1
175,284,42003090200,364 MAIN ST,PITTSBURGH,ALLEGHENY COUNTY,PA,15201.0,40.4661832,-79.9563189,117313,1
176,285,42003170200,1714 MARY ST,PITTSBURGH,ALLEGHENY COUNTY,PA,15203.0,40.42588610000001,-79.9815983,33582,1
177,286,42003140100,1228 MALVERN AVE,PITTSBURGH,ALLEGHENY COUNTY,PA,15217.0,40.4436811,-79.935333,226715,1
178,287,42003020100,122 7TH ST,PITTSBURGH,ALLEGHENY COUNTY,PA,15222.0,40.4438343,-80.0008055,196725,1
179,289,42003191800,1039 NORWICH AVE,PITTSBURGH,ALLEGHENY COUNTY,PA,15226.0,40.3877034,-80.018728,75560,1
180,291,42003140600,7527 TUSCARORA ST,PITTSBURGH,ALLEGHENY COUNTY,PA,15208.0,40.446908,-79.8961194,240936,1
181,298,42003270300,1420 BECKHAM ST,PITTSBURGH,ALLEGHENY COUNTY,PA,15212.0,40.4767007,-80.0355916,132415,1
182,299,42003563100,123 KEEVER AVE,PITTSBURGH,ALLEGHENY COUNTY,PA,15205.0,40.4345549,-80.0548803,79590,1
183,300,42003090100,4747 HATFIELD ST,PITTSBURGH,ALLEGHENY COUNTY,PA,15201.0,40.4762203,-79.95970190000001,206131,1
184,302,42003561600,109 COLOGNE ST,PITTSBURGH,ALLEGHENY COUNTY,PA,15210.0,40.41660529999999,-79.96934809999999,104839,1
185,305,42003110600,927 FARRAGUT ST,PITTSBURGH,ALLEGHENY COUNTY,PA,15206.0,40.4717329,-79.9193817,220775,1
186,306,42003560400,7720 WAVERLY ST,PITTSBURGH,ALLEGHENY COUNTY,PA,15221.0,40.4436234,-79.8937203,31734,1
187,309,42003140600,515 LLOYD ST,PITTSBURGH,ALLEGHENY COUNTY,PA,15208.0,40.4460189,-79.9068966,58256,1
188,311,42003210700,1425 N FRANKLIN ST,PITTSBURGH,ALLEGHENY COUNTY,PA,15233.0,40.455323,-80.0279946,165740,1
189,313,42003130300,7202 SUSQUEHANNA ST UNIT 310,PITTSBURGH,ALLEGHENY COUNTY,PA,15208.0,40.453425,-79.8980774,15525,1
190,314,42003191600,719 SHADYCREST CT,PITTSBURGH,ALLEGHENY COUNTY,PA,15216.0,40.4249028,-80.0249045,15525,1
191,316,42003191400,255 PROSPECT ST,PITTSBURGH,ALLEGHENY COUNTY,PA,15211.0,40.4279149,-80.0104649,164598,1
192,317,42003020100,432 BLVD OF THE ALLIES,PITTSBURGH,ALLEGHENY COUNTY,PA,15219.0,40.4370633,-79.9991983,81606,1
193,318,42003180300,915 MANTON WAY,PITTSBURGH,ALLEGHENY COUNTY,PA,15210.0,40.4215873,-79.9902293,15457,1
194,319,42003191500,539 BOGGS AVE APT 17,PITTSBURGH,ALLEGHENY COUNTY,PA,15211.0,40.4220294,-80.0089894,113289,1
195,323,42003310200,4700 LOUGEAN AVE,PITTSBURGH,ALLEGHENY COUNTY,PA,15207.0,40.3771031,-79.91128509999999,24858,1
196,324,42003140600,517 SELKIRK WAY,PITTSBURGH,ALLEGHENY COUNTY,PA,15208.0,40.445060299999994,-79.90688459999998,154945,1
197,325,42003170200,1708 SARAH ST,PITTSBURGH,ALLEGHENY COUNTY,PA,15203.0,40.4276661,-79.98141590000002,30307,1
198,327,42003270100,1600 TERMON AVE,PITTSBURGH,ALLEGHENY COUNTY,PA,15212.0,40.4828903,-80.0390484,137466,1
199,328,42003250300,319 JACKSONIA ST,PITTSBURGH,ALLEGHENY COUNTY,PA,15212.0,40.4571664,-80.01195759999999,111022,1
200,329,42003110600,6345 STANTON AVE,PITTSBURGH,ALLEGHENY COUNTY,PA,15206.0,40.469153000000006,-79.9150926,105943,1
201,330,42003563100,635 HESTOR DR,PITTSBURGH,ALLEGHENY COUNTY,PA,15220.0,40.4289566,-80.03782120000001,105943,1
202,331,42003090300,232 ORVILLE WAY,PITTSBURGH,ALLEGHENY COUNTY,PA,15224.0,40.4634839,-79.95047240000001,20242,1
203,332,42003110200,5507 AVONDALE PL,PITTSBURGH,ALLEGHENY COUNTY,PA,15206.0,40.4740099,-79.9271243,156179,1
204,333,42003101100,5420 CARNEGIE ST,PITTSBURGH,ALLEGHENY COUNTY,PA,15201.0,40.4825406,-79.9496962,120027,1
205,334,42003050600,4371 SCHENLEY FARMS TER,PITTSBURGH,ALLEGHENY COUNTY,PA,15213.0,40.451056200000004,-79.955762,121101,1
206,335,42003262000,2118 HARBOR ST,PITTSBURGH,ALLEGHENY COUNTY,PA,15212.0,40.4683266,-79.9891916,43570,1
207,336,42003202300,1499 DALELAND AVE,PITTSBURGH,ALLEGHENY COUNTY,PA,15220.0,40.4168621,-80.03993179999999,64437,1
208,337,42003070300,5431 HOWE ST,PITTSBURGH,ALLEGHENY COUNTY,PA,15232.0,40.4503665,-79.9339206,22573,1
209,339,42003240600,1910 TOURS ST,PITTSBURGH,ALLEGHENY COUNTY,PA,15212.0,40.4672606,-79.9819773,65038,1
210,340,42003220600,1424 FEDERAL ST,PITTSBURGH,ALLEGHENY COUNTY,PA,15212.0,40.457815100000005,-80.00714090000001,94548,1
211,342,42003090300,4566 CARROLL ST,PITTSBURGH,ALLEGHENY COUNTY,PA,15224.0,40.4651995,-79.95051579999999,20725,1
212,343,42003141300,5556 FORBES AVE,PITTSBURGH,ALLEGHENY COUNTY,PA,15217.0,40.437314799999996,-79.92922349999999,62831,1
213,345,42003140600,7041 WILLARD ST,PITTSBURGH,ALLEGHENY COUNTY,PA,15208.0,40.4460189,-79.9068966,104152,1
214,349,42003191800,2867 ARDSLEY AVE,PITTSBURGH,ALLEGHENY COUNTY,PA,15226.0,40.3906959,-80.0248499,142802,1
215,350,42003240600,1515 HATTERAS ST,PITTSBURGH,ALLEGHENY COUNTY,PA,15212.0,40.462002399999996,-79.9849428,72117,1
216,351,42003562900,410 PATH WAY,PITTSBURGH,ALLEGHENY COUNTY,PA,15207.0,40.4073589,-79.94710429999999,38663,1
217,352,42003210700,1423 LIVERPOOL ST,PITTSBURGH,ALLEGHENY COUNTY,PA,15233.0,40.4543708,-80.0272105,51188,1
218,356,42003160900,2326 LARKINS WAY,PITTSBURGH,ALLEGHENY COUNTY,PA,15203.0,40.4266951,-79.9724035,190639,1
219,357,42003070800,6115 ALDER ST,PITTSBURGH,ALLEGHENY COUNTY,PA,15206.0,40.458098,-79.92369559999999,239225,1
220,358,42003151600,4014 HALDANE ST,PITTSBURGH,ALLEGHENY COUNTY,PA,15207.0,40.4234335,-79.9433615,78739,1
221,359,42003160800,3 COLOGNE ST,PITTSBURGH,ALLEGHENY COUNTY,PA,15203.0,40.4203338,-79.968459,18265,1
222,360,42003561900,7190 TILDEN ST,PITTSBURGH,ALLEGHENY COUNTY,PA,15206.0,40.4655598,-79.895677,41381,1
223,361,42003050600,720 CLARISSA ST,PITTSBURGH,ALLEGHENY COUNTY,PA,15219.0,40.453298600000004,-79.9612746,115009,1
224,362,42003270100,3833 WEALTH ST,PITTSBURGH,ALLEGHENY COUNTY,PA,15212.0,40.4838825,-80.04813979999999,58286,1
225,364,42003202200,1300 PRITCHARD ST,PITTSBURGH,ALLEGHENY COUNTY,PA,15204.0,40.4527729,-80.0650531,17625,1
226,365,42003561700,424 WALDE ST,PITTSBURGH,ALLEGHENY COUNTY,PA,15210.0,40.4102398,-79.9804223,92328,1
227,369,42003281500,1239 OAKMONT ST,PITTSBURGH,ALLEGHENY COUNTY,PA,15205.0,40.4399595,-80.0546565,141368,1
228,371,42003562400,438 CLIMAX ST,PITTSBURGH,ALLEGHENY COUNTY,PA,15210.0,40.4197434,-79.9996672,72383,1
229,372,42003320700,2347 GROVELAND ST,PITTSBURGH,ALLEGHENY COUNTY,PA,15234.0,40.3847898,-79.99974,63270,1
230,373,42003290400,2719 ALMORA ST,PITTSBURGH,ALLEGHENY COUNTY,PA,15227.0,40.3910139,-79.9752878,134162,1
231,374,42003050600,925 CHEROKEE ST,PITTSBURGH,ALLEGHENY COUNTY,PA,15219.0,40.450978000000006,-79.9584629,103900,1
232,375,42003170200,190 S 17TH ST,PITTSBURGH,ALLEGHENY COUNTY,PA,15203.0,40.4265924,-79.98259279999999,40715,1
233,376,42003170200,95 S 15TH ST,PITTSBURGH,ALLEGHENY COUNTY,PA,15203.0,40.42808370000001,-79.9831532,17580,1
234,378,42003101800,1142 FAIRFIELD ST,PITTSBURGH,ALLEGHENY COUNTY,PA,15201.0,40.4840534,-79.9384237,85512,1
235,379,42003140100,5017 FORBES AVE,PITTSBURGH,ALLEGHENY COUNTY,PA,15213.0,40.4460222,-79.94111579999999,66765,1
236,381,42003220600,1432 SANDUSKY ST,PITTSBURGH,ALLEGHENY COUNTY,PA,15212.0,40.458452,-80.0049824,73488,1
237,382,42003070300,709 IVY ST,PITTSBURGH,ALLEGHENY COUNTY,PA,15232.0,40.4524251,-79.9322888,160530,1
238,383,42003101400,840 CHISLETT ST,PITTSBURGH,ALLEGHENY COUNTY,PA,15206.0,40.4741849,-79.930181,113036,1
239,384,42003090100,4604 PLUMMER ST,PITTSBURGH,ALLEGHENY COUNTY,PA,15201.0,40.4739726,-79.9597196,108637,1
240,387,42003111300,622 N AIKEN AVE,PITTSBURGH,ALLEGHENY COUNTY,PA,15206.0,40.4709788,-79.9312572,209157,1
241,388,42003080600,344 S AIKEN AVE,PITTSBURGH,ALLEGHENY COUNTY,PA,15232.0,40.460789399999996,-79.93815790000001,43126,1
242,391,42003070800,6360 AURELIA ST,PITTSBURGH,ALLEGHENY COUNTY,PA,15206.0,40.4577074,-79.9190499,107044,1
243,392,42003563100,1331 BARTOW ST,PITTSBURGH,ALLEGHENY COUNTY,PA,15205.0,40.435373299999995,-80.05383559999999,211366,1
244,393,42003140500,6919 PENN AVE,PITTSBURGH,ALLEGHENY COUNTY,PA,15208.0,40.4515175,-79.9066835,120745,1
245,394,42003050600,3382 MILWAUKEE ST,PITTSBURGH,ALLEGHENY COUNTY,PA,15219.0,40.453298600000004,-79.9612746,73598,1
246,395,42003982200,4305 BIGELOW BLVD,PITTSBURGH,ALLEGHENY COUNTY,PA,15213.0,40.445366799999995,-79.95515440000001,207988,1
247,397,42003290100,1614 BROWNSVILLE RD,PITTSBURGH,ALLEGHENY COUNTY,PA,15210.0,40.3996117,-79.9893847,63809,1
248,398,42003141400,1331 PARKVIEW BLVD,PITTSBURGH,ALLEGHENY COUNTY,PA,15217.0,40.4204319,-79.91547940000001,201323,1
249,399,42003141000,7733 FORBES AVE,PITTSBURGH,ALLEGHENY COUNTY,PA,15221.0,40.439627,-79.8951519,33889,1
250,400,42003261500,2613 LINWOOD AVE,PITTSBURGH,ALLEGHENY COUNTY,PA,15214.0,40.47083129999999,-80.01455899999999,65266,1
251,403,42003310300,4539 GATES DR,PITTSBURGH,ALLEGHENY COUNTY,PA,15120.0,40.3867872,-79.91924540000001,91490,1
252,404,42003190300,305 LABELLE ST,PITTSBURGH,ALLEGHENY COUNTY,PA,15211.0,40.432801,-80.0160818,183684,1
253,405,42003151600,4313 STANLEY ST,PITTSBURGH,ALLEGHENY COUNTY,PA,15207.0,40.4208393,-79.94283359999999,151390,1
254,406,42003241200,1275 VOSKAMP ST,PITTSBURGH,ALLEGHENY COUNTY,PA,15212.0,40.4578494,-79.9929085,108101,1
255,409,42003310300,4458 CASSABILL DR,PITTSBURGH,ALLEGHENY COUNTY,PA,15120.0,40.3859808,-79.9214917,70226,1
256,410,42003562300,5015 AMPERE ST,PITTSBURGH,ALLEGHENY COUNTY,PA,15207.0,40.4108304,-79.9362448,74697,1
257,411,42003151600,337 GREENFIELD AVE,PITTSBURGH,ALLEGHENY COUNTY,PA,15207.0,40.4262818,-79.9462704,65770,1
258,413,42003271500,2708 CALIFORNIA AVE,PITTSBURGH,ALLEGHENY COUNTY,PA,15212.0,40.46800770000001,-80.0347781,59839,1
259,414,42003180700,431 BAILEY AVE,PITTSBURGH,ALLEGHENY COUNTY,PA,15211.0,40.426702299999995,-79.99822409999999,101548,1
260,416,42003281400,959 WOODLOW ST,PITTSBURGH,ALLEGHENY COUNTY,PA,15205.0,40.444930600000006,-80.05146009999999,34218,1
261,421,42003180300,836 INDUSTRY ST,PITTSBURGH,ALLEGHENY COUNTY,PA,15210.0,40.420618700000006,-79.9923782,31198,1
262,422,42003060300,3904 MINTWOOD ST,PITTSBURGH,ALLEGHENY COUNTY,PA,15224.0,40.4639211,-79.9586864,16902,1
263,424,42003190300,143 AMABELL ST,PITTSBURGH,ALLEGHENY COUNTY,PA,15211.0,40.434166499999996,-80.01363509999999,121103,1
264,425,42003202300,2714 STRACHAN AVE,PITTSBURGH,ALLEGHENY COUNTY,PA,15216.0,40.4035424,-80.0381848,180791,1
265,426,42003481000,200 E ELIZABETH ST APT 4,PITTSBURGH,ALLEGHENY COUNTY,PA,15207.0,40.4082874,-79.9831282,74015,1
266,432,42003290100,1932 WESTMONT AVE,PITTSBURGH,ALLEGHENY COUNTY,PA,15210.0,40.3949194,-79.9882375,18247,1
267,435,42003140100,524 BOUNDARY ST,PITTSBURGH,ALLEGHENY COUNTY,PA,15213.0,40.4427331,-79.9479083,121924,1
268,437,42003290400,118 NEWBURN AVE,PITTSBURGH,ALLEGHENY COUNTY,PA,15227.0,40.381666700000004,-79.9810213,62532,1
269,441,42003141100,1270 COMMERCIAL ST,PITTSBURGH,ALLEGHENY COUNTY,PA,15218.0,40.4193565,-79.9074045,39480,1
270,442,42003310200,5745 LAUDER ST,PITTSBURGH,ALLEGHENY COUNTY,PA,15207.0,40.366316,-79.9140417,84653,1
271,443,42003191700,2304 BEAUFORT AVE,PITTSBURGH,ALLEGHENY COUNTY,PA,15226.0,40.399392,-80.01980999999999,40893,1
272,444,42003060500,3462 BISMARK ST,PITTSBURGH,ALLEGHENY COUNTY,PA,15213.0,40.4569102,-79.96202029999999,125223,1
273,445,42003090300,4053 LIBERTY AVE,PITTSBURGH,ALLEGHENY COUNTY,PA,15224.0,40.463305600000005,-79.95560859999999,144735,1
274,447,42003120800,109 CONTINENTAL ST,PITTSBURGH,ALLEGHENY COUNTY,PA,15206.0,40.4601644,-79.91086120000001,16268,1
275,448,42003270300,3454 CALIFORNIA AVE,PITTSBURGH,ALLEGHENY COUNTY,PA,15212.0,40.4776908,-80.03995970000001,15825,1
276,450,42003110200,1138 N NEGLEY AVE,PITTSBURGH,ALLEGHENY COUNTY,PA,15206.0,40.4761721,-79.92362179999999,62755,1
277,454,42003191800,800 BAYRIDGE AVE,PITTSBURGH,ALLEGHENY COUNTY,PA,15226.0,40.39196,-80.0227819,59264,1
278,455,42003101100,216 57TH ST,PITTSBURGH,ALLEGHENY COUNTY,PA,15201.0,40.4836628,-79.9457642,18902,1
279,456,42003060300,3608 MINTWOOD ST,PITTSBURGH,ALLEGHENY COUNTY,PA,15201.0,40.4632403,-79.96315909999998,18902,1
280,457,42003040600,3460 BATES ST,PITTSBURGH,ALLEGHENY COUNTY,PA,15213.0,40.436711100000004,-79.9550496,39761,1
281,458,42003020300,2019 PENN AVE,PITTSBURGH,ALLEGHENY COUNTY,PA,15222.0,40.451539200000006,-79.98370870000001,97521,1
282,460,42003160900,2915 SIDNEY ST APT 436,PITTSBURGH,ALLEGHENY COUNTY,PA,15203.0,40.4226593,-79.95869379999999,17696,1
283,461,42003310200,1709 PLACID ST,PITTSBURGH,ALLEGHENY COUNTY,PA,15207.0,40.3679466,-79.9042908,56645,1
284,462,42003160900,2626 TUNNEL BLVD APT 523,PITTSBURGH,ALLEGHENY COUNTY,PA,15203.0,40.42838629999999,-79.96723990000001,134747,1
285,464,42003563100,1849 CHESSLAND ST,PITTSBURGH,ALLEGHENY COUNTY,PA,15205.0,40.4289006,-80.0548438,58110,1
286,466,42003562900,5111 BLAIR ST,PITTSBURGH,ALLEGHENY COUNTY,PA,15207.0,40.4058347,-79.945985,95143,1
287,468,42003980700,160 E STATION SQUARE DR APT 430,PITTSBURGH,ALLEGHENY COUNTY,PA,15219.0,40.434191999999996,-80.0058109,122793,1
288,472,42003140500,7167 PENN AVE,PITTSBURGH,ALLEGHENY COUNTY,PA,15208.0,40.4500186,-79.9022152,162600,1
289,474,42003191800,730 BAYRIDGE AVE,PITTSBURGH,ALLEGHENY COUNTY,PA,15226.0,40.39196,-80.0227819,23692,1
290,475,42003260200,239 BASCOM AVE,PITTSBURGH,ALLEGHENY COUNTY,PA,15214.0,40.4935831,-80.0250321,206616,1
291,477,42003290100,1832 MOUNT JOSEPH ST,PITTSBURGH,ALLEGHENY COUNTY,PA,15210.0,40.3958945,-79.9935556,47076,1
292,478,42003290100,1732 BROWNSVILLE RD,PITTSBURGH,ALLEGHENY COUNTY,PA,15210.0,40.397588299999995,-79.9888925,52572,1
293,479,42003130400,7950 SUSQUEHANNA ST,PITTSBURGH,ALLEGHENY COUNTY,PA,15221.0,40.448471399999995,-79.886377,22626,1
294,480,42003040900,3274 DAWSON ST,PITTSBURGH,ALLEGHENY COUNTY,PA,15213.0,40.4330239,-79.9530001,18448,1
295,481,42003563100,1889 ELMDALE RD,PITTSBURGH,ALLEGHENY COUNTY,PA,15205.0,40.431722799999996,-80.04580770000001,15518,1
296,482,42003090300,4051 CABINET ST,PITTSBURGH,ALLEGHENY COUNTY,PA,15224.0,40.464471,-79.9559421,35294,1
297,484,42003261400,416 SUFFOLK ST,PITTSBURGH,ALLEGHENY COUNTY,PA,15214.0,40.4696592,-80.0044093,67726,1
298,486,42003151600,555 GREENFIELD AVE,PITTSBURGH,ALLEGHENY COUNTY,PA,15207.0,40.4261865,-79.9405588,208553,1
299,488,42003140500,133 N BRADDOCK AVE,PITTSBURGH,ALLEGHENY COUNTY,PA,15208.0,40.4480651,-79.89634040000001,71716,1
300,490,42003270800,4010 SHOREHAM ST,PITTSBURGH,ALLEGHENY COUNTY,PA,15212.0,40.4895845,-80.04067049999999,67397,1
301,494,42003180700,425 EDGEMONT ST,PITTSBURGH,ALLEGHENY COUNTY,PA,15211.0,40.4227561,-79.9996511,95274,1
302,498,42003290200,228 E MEYERS ST,PITTSBURGH,ALLEGHENY COUNTY,PA,15210.0,40.400293299999994,-79.9853405,31233,1
303,499,42003101100,5233 CARNEGIE ST,PITTSBURGH,ALLEGHENY COUNTY,PA,15201.0,40.4805845,-79.9533632,80015,1
304,500,42003070600,601 EMERSON ST,PITTSBURGH,ALLEGHENY COUNTY,PA,15206.0,40.453152,-79.9217723,126151,1
305,501,42003192000,43 WENZELL PL,PITTSBURGH,ALLEGHENY COUNTY,PA,15216.0,40.3990771,-80.0298137,83301,1
306,502,42003060300,168 38TH ST,PITTSBURGH,ALLEGHENY COUNTY,PA,15201.0,40.4673791,-79.96557920000001,196700,1
307,503,42003202200,3215 ALLENDALE ST,PITTSBURGH,ALLEGHENY COUNTY,PA,15204.0,40.4555819,-80.062031,60500,1
308,509,42003020100,429 1ST AVE,PITTSBURGH,ALLEGHENY COUNTY,PA,15219.0,40.4370633,-79.9991983,231908,1
309,510,42003080700,132 STRATFORD AVE,PITTSBURGH,ALLEGHENY COUNTY,PA,15206.0,40.4629365,-79.932643,34707,1
310,513,42003120300,1310 OLIVANT ST,PITTSBURGH,ALLEGHENY COUNTY,PA,15206.0,40.4674422,-79.8990368,117285,1
311,515,42003080200,432 TAYLOR ST,PITTSBURGH,ALLEGHENY COUNTY,PA,15224.0,40.4609623,-79.95253509999999,17836,1
312,517,42003191100,239 FINGAL ST,PITTSBURGH,ALLEGHENY COUNTY,PA,15211.0,40.4397736,-80.0264554,19243,1
313,518,42003101100,5117 KENT WAY,PITTSBURGH,ALLEGHENY COUNTY,PA,15201.0,40.478245,-79.9532401,49555,1
314,520,42003310200,5703 MIFFLIN RD,PITTSBURGH,ALLEGHENY COUNTY,PA,15207.0,40.3661719,-79.90905699999999,119403,1
315,522,42003261500,213 LURAY ST,PITTSBURGH,ALLEGHENY COUNTY,PA,15214.0,40.4709106,-80.013278,32430,1
316,524,42003202200,3219 ALLENDALE ST,PITTSBURGH,ALLEGHENY COUNTY,PA,15204.0,40.4555819,-80.062031,109348,1
317,525,42003310200,1136 RODGERS ST,PITTSBURGH,ALLEGHENY COUNTY,PA,15207.0,40.367554600000005,-79.91717159999999,34413,1
318,527,42003090300,4065 CABINET ST,PITTSBURGH,ALLEGHENY COUNTY,PA,15224.0,40.4647782,-79.9548402,44240,1
319,528,42003191700,652 FERNHILL AVE,PITTSBURGH,ALLEGHENY COUNTY,PA,15226.0,40.3993063,-80.0111459,17926,1
320,529,42003180300,201 WALTER ST,PITTSBURGH,ALLEGHENY COUNTY,PA,15210.0,40.420592799999994,-79.994484,114555,1
321,530,42003101600,4707 KINCAID ST,PITTSBURGH,ALLEGHENY COUNTY,PA,15224.0,40.4697178,-79.9454931,80678,1
322,532,42003191800,1140 WOODBOURNE AVE,PITTSBURGH,ALLEGHENY COUNTY,PA,15226.0,40.3885958,-80.0165235,58857,1
323,533,42003110600,17 SHERIDAN CT,PITTSBURGH,ALLEGHENY COUNTY,PA,15206.0,40.4738612,-79.9170783,30104,1
324,536,42003310200,1039 STOCK ST,PITTSBURGH,ALLEGHENY COUNTY,PA,15207.0,40.3672438,-79.9181968,38693,1
325,539,42003191800,1323 BERKSHIRE AVE,PITTSBURGH,ALLEGHENY COUNTY,PA,15226.0,40.388641,-80.0142125,115938,1
326,540,42003141300,9 HOLLENDEN PL,PITTSBURGH,ALLEGHENY COUNTY,PA,15217.0,40.437470899999994,-79.9254105,114380,1
327,541,42003202200,3679 ALLENDALE CIR,PITTSBURGH,ALLEGHENY COUNTY,PA,15204.0,40.4594464,-80.06278409999999,57608,1
328,542,42003060300,3417 DENNY ST,PITTSBURGH,ALLEGHENY COUNTY,PA,15201.0,40.462996399999994,-79.9648886,152631,1
329,543,42003160900,2100 SIDNEY ST,PITTSBURGH,ALLEGHENY COUNTY,PA,15203.0,40.4291544,-79.975386,49918,1
330,544,42003250900,142 HENDERSON ST,PITTSBURGH,ALLEGHENY COUNTY,PA,15212.0,40.459683,-80.0017508,48689,1
331,546,42003141400,4017 SALINE ST,PITTSBURGH,ALLEGHENY COUNTY,PA,15217.0,40.424065,-79.9250556,140092,1
332,548,42003180700,321 KINGSBORO ST,PITTSBURGH,ALLEGHENY COUNTY,PA,15211.0,40.4227891,-80.0012627,97159,1
333,549,42003290100,366 LINE ST,PITTSBURGH,ALLEGHENY COUNTY,PA,15210.0,40.39436,-79.99352309999999,46483,1
334,553,42003140300,5840 FERREE ST,PITTSBURGH,ALLEGHENY COUNTY,PA,15217.0,40.4403404,-79.9218917,221491,1
335,554,42003290100,16 NOBLES LN,PITTSBURGH,ALLEGHENY COUNTY,PA,15210.0,40.40341179999999,-79.9913992,58641,1
336,556,42003290400,344 MERRITT AVE,PITTSBURGH,ALLEGHENY COUNTY,PA,15227.0,40.3838226,-79.9841762,116292,1
337,557,42003563100,1031 VALORA ST,PITTSBURGH,ALLEGHENY COUNTY,PA,15220.0,40.433035600000004,-80.0442896,188263,1
338,559,42003060300,3909 MINTWOOD ST,PITTSBURGH,ALLEGHENY COUNTY,PA,15224.0,40.464325099999996,-79.9588104,114760,1
339,560,42003191400,3 CUTHBERT ST,PITTSBURGH,ALLEGHENY COUNTY,PA,15211.0,40.4293013,-80.0082232,114760,1
340,561,42003120700,6931 BENNETT ST,PITTSBURGH,ALLEGHENY COUNTY,PA,15208.0,40.4580994,-79.9022204,114760,1
341,564,42003261400,34 NORMAN ST,PITTSBURGH,ALLEGHENY COUNTY,PA,15214.0,40.46176810000001,-80.0148136,53029,1
342,565,42003151700,525 LORETTO RD,PITTSBURGH,ALLEGHENY COUNTY,PA,15217.0,40.422357399999996,-79.9386093,230025,1
343,566,42003101700,5348 HILLCREST ST,PITTSBURGH,ALLEGHENY COUNTY,PA,15224.0,40.4677521,-79.9364444,48614,1
344,567,42003040900,3217 JOE HAMMER SQ,PITTSBURGH,ALLEGHENY COUNTY,PA,15213.0,40.4352851,-79.9620747,38691,1
345,568,42003191900,739 ROSSMORE AVE,PITTSBURGH,ALLEGHENY COUNTY,PA,15226.0,40.395942299999994,-80.0191685,49002,1
346,572,42003140500,6842 SIMONTON ST,PITTSBURGH,ALLEGHENY COUNTY,PA,15208.0,40.4548713,-79.9070179,103991,1
347,576,42003190300,407 W SYCAMORE ST,PITTSBURGH,ALLEGHENY COUNTY,PA,15211.0,40.432059100000004,-80.01235809999999,23287,1
348,577,42003310200,5101 INTERBORO AVE,PITTSBURGH,ALLEGHENY COUNTY,PA,15207.0,40.3710571,-79.9123316,40496,1
349,582,42003262000,1016 BUENTE ST,PITTSBURGH,ALLEGHENY COUNTY,PA,15212.0,40.4667227,-79.9963422,42893,1
350,583,42003170200,42 TERMINAL WAY,PITTSBURGH,ALLEGHENY COUNTY,PA,15219.0,40.430513299999994,-79.996836,167146,1
351,584,42003140300,1639 BEECHWOOD BLVD,PITTSBURGH,ALLEGHENY COUNTY,PA,15217.0,40.439393100000004,-79.91545390000002,131124,1
352,585,42003192000,2354 BENSONIA AVE,PITTSBURGH,ALLEGHENY COUNTY,PA,15216.0,40.4015027,-80.03040779999999,112862,1
353,586,42003101800,6026 SAWYER ST,PITTSBURGH,ALLEGHENY COUNTY,PA,15201.0,40.486005,-79.9397409,45152,1
354,591,42003562300,5010 GLENWOOD AVE,PITTSBURGH,ALLEGHENY COUNTY,PA,15207.0,40.409328,-79.9404836,84474,1
355,592,42003030500,168 SWEENEY WAY,PITTSBURGH,ALLEGHENY COUNTY,PA,15219.0,40.444853,-79.981665,58784,1
356,593,42003562400,120 CHALFONT ST,PITTSBURGH,ALLEGHENY COUNTY,PA,15210.0,40.4163821,-80.00537890000001,56567,1
357,594,42003170200,601 E CARSON ST,PITTSBURGH,ALLEGHENY COUNTY,PA,15203.0,40.428790899999996,-79.9929242,112323,1
358,596,42003140300,6635 RIDGEVILLE ST,PITTSBURGH,ALLEGHENY COUNTY,PA,15217.0,40.4440776,-79.9136672,248509,1
359,598,42003070500,633 S NEGLEY AVE,PITTSBURGH,ALLEGHENY COUNTY,PA,15232.0,40.4542565,-79.93173420000001,46227,1
360,599,42003180300,724 EUREKA ST,PITTSBURGH,ALLEGHENY COUNTY,PA,15210.0,40.4234956,-79.9948104,97833,1
361,601,42003250300,1425 FEDERAL ST,PITTSBURGH,ALLEGHENY COUNTY,PA,15212.0,40.4579217,-80.0077053,96955,1
362,607,42003080600,324 S ATLANTIC AVE,PITTSBURGH,ALLEGHENY COUNTY,PA,15224.0,40.4610159,-79.93954690000001,229831,1
363,608,42003562400,115 CLIMAX ST,PITTSBURGH,ALLEGHENY COUNTY,PA,15210.0,40.4193817,-80.0052133,97596,1
364,609,42003101800,1111 DUFFIELD ST,PITTSBURGH,ALLEGHENY COUNTY,PA,15206.0,40.481997899999996,-79.9321475,46736,1
365,610,42003111400,5513 BROAD ST,PITTSBURGH,ALLEGHENY COUNTY,PA,15206.0,40.466899600000005,-79.93007220000001,53413,1
366,611,42003110200,1021 N EUCLID AVE,PITTSBURGH,ALLEGHENY COUNTY,PA,15206.0,40.4740459,-79.9214243,53413,1
367,612,42003270100,1706 MORRELL ST,PITTSBURGH,ALLEGHENY COUNTY,PA,15212.0,40.483342,-80.0425587,15727,1
368,613,42003310200,5754 LAUDER ST,PITTSBURGH,ALLEGHENY COUNTY,PA,15207.0,40.36624129999999,-79.9146223,99963,1
369,614,42003140300,1405 SHADY AVE,PITTSBURGH,ALLEGHENY COUNTY,PA,15217.0,40.442947100000005,-79.9195306,111186,1
370,615,42003320700,2655 KINGWOOD ST,PITTSBURGH,ALLEGHENY COUNTY,PA,15234.0,40.3769411,-80.0028372,24085,1
371,619,42003562600,920 RUE GRANDE VUE ST,PITTSBURGH,ALLEGHENY COUNTY,PA,15220.0,40.4474213,-80.0341473,36819,1
372,620,42003270100,1318 ORCHLEE ST,PITTSBURGH,ALLEGHENY COUNTY,PA,15212.0,40.4825761,-80.035852,115124,1
373,622,42003070800,100 DENNISTON ST UNIT 22,PITTSBURGH,ALLEGHENY COUNTY,PA,15206.0,40.4580953,-79.9188249,57898,1
374,623,42003202200,3238 FADETTE ST,PITTSBURGH,ALLEGHENY COUNTY,PA,15204.0,40.452837,-80.06684440000001,75139,1
375,624,42003130600,2553 PARK HILL DR,PITTSBURGH,ALLEGHENY COUNTY,PA,15221.0,40.4564381,-79.8737574,84153,1
376,626,42003250300,1522 BRIGHTON RD,PITTSBURGH,ALLEGHENY COUNTY,PA,15212.0,40.457367,-80.015508,36420,1
377,627,42003561700,525 MOUNTAIN AVE,PITTSBURGH,ALLEGHENY COUNTY,PA,15210.0,40.410478600000005,-79.9764952,50969,1
378,630,42003290200,515 TRIANA ST,PITTSBURGH,ALLEGHENY COUNTY,PA,15210.0,40.4046223,-79.9799435,65283,1
379,631,42003140300,6662 RIDGEVILLE ST,PITTSBURGH,ALLEGHENY COUNTY,PA,15217.0,40.4433062,-79.9136316,147024,1
380,632,42003562300,437 MANSION ST,PITTSBURGH,ALLEGHENY COUNTY,PA,15207.0,40.4065209,-79.9384704,147024,1
381,633,42003240600,1813 LOWRIE ST,PITTSBURGH,ALLEGHENY COUNTY,PA,15212.0,40.4617042,-79.9834446,147024,1
382,636,42003140100,5246 FORBES AVE,PITTSBURGH,ALLEGHENY COUNTY,PA,15217.0,40.4418528,-79.9390628,167207,1
383,640,42003191500,120 SECANE AVE,PITTSBURGH,ALLEGHENY COUNTY,PA,15211.0,40.4217907,-80.00331700000001,34961,1
384,641,42003191900,2418 WOLFORD ST,PITTSBURGH,ALLEGHENY COUNTY,PA,15226.0,40.397475,-80.02016929999999,97724,1
385,642,42003561700,403 MCMANUS ST,PITTSBURGH,ALLEGHENY COUNTY,PA,15210.0,40.4102398,-79.9804223,42037,1
386,643,42003160800,2909 JOSEPHINE ST,PITTSBURGH,ALLEGHENY COUNTY,PA,15203.0,40.420392299999996,-79.9634954,17279,1
387,646,42003120300,1318 LUZZO CT,PITTSBURGH,ALLEGHENY COUNTY,PA,15206.0,40.4712715,-79.9001803,63743,1
388,647,42003151700,822 FLEMINGTON ST,PITTSBURGH,ALLEGHENY COUNTY,PA,15217.0,40.426994799999996,-79.9303788,58499,1
389,648,42003040600,410 ATWOOD ST,PITTSBURGH,ALLEGHENY COUNTY,PA,15213.0,40.4374054,-79.9539156,21524,1
390,649,42003020300,2746 PENN AVE,PITTSBURGH,ALLEGHENY COUNTY,PA,15222.0,40.456226799999996,-79.9761537,232200,1
391,650,42003050100,2310 WYLIE AVE,PITTSBURGH,ALLEGHENY COUNTY,PA,15219.0,40.446936799999996,-79.97392109999998,70181,1
392,653,42003262000,1606 WALZ ST,PITTSBURGH,ALLEGHENY COUNTY,PA,15212.0,40.463316600000006,-79.99048420000001,61914,1
393,655,42003151700,887 KENNEBEC ST,PITTSBURGH,ALLEGHENY COUNTY,PA,15217.0,40.425891,-79.93277900000001,73031,1
394,656,42003141400,2703 TILBURY AVE,PITTSBURGH,ALLEGHENY COUNTY,PA,15217.0,40.427474600000004,-79.9179115,217289,1
395,657,42003090200,270 46TH ST,PITTSBURGH,ALLEGHENY COUNTY,PA,15201.0,40.47139310000001,-79.95716259999999,83388,1
396,659,42003140800,2366 ELDRIDGE ST,PITTSBURGH,ALLEGHENY COUNTY,PA,15217.0,40.4305993,-79.92287370000001,114842,1
397,660,42003562400,517 CHALFONT ST,PITTSBURGH,ALLEGHENY COUNTY,PA,15210.0,40.4168906,-79.99800809999999,33775,1
398,661,42003110200,5914 ELGIN ST,PITTSBURGH,ALLEGHENY COUNTY,PA,15206.0,40.4761561,-79.91908670000001,31545,1
399,662,42003320600,2213 ALTAVIEW AVE,PITTSBURGH,ALLEGHENY COUNTY,PA,15226.0,40.397926500000004,-80.00689129999999,236030,1
400,664,42003192000,2212 VODELI ST,PITTSBURGH,ALLEGHENY COUNTY,PA,15216.0,40.403291499999995,-80.0285625,60553,1
401,665,42003191700,612 CRYSLER ST,PITTSBURGH,ALLEGHENY COUNTY,PA,15226.0,40.4028966,-80.0132498,47064,1
402,668,42003310200,4736 INTERBORO AVE,PITTSBURGH,ALLEGHENY COUNTY,PA,15207.0,40.37657279999999,-79.9104499,63800,1
403,669,42003141400,223 ANITA AVE,PITTSBURGH,ALLEGHENY COUNTY,PA,15217.0,40.42361210000001,-79.91467759999999,76369,1
404,670,42003192000,1825 REALTY AVE,PITTSBURGH,ALLEGHENY COUNTY,PA,15216.0,40.4068766,-80.0240311,17561,1
405,672,42003140500,7033 MEADE PL,PITTSBURGH,ALLEGHENY COUNTY,PA,15208.0,40.451257399999996,-79.90408149999999,17444,1
406,673,42003060500,3351 RIDGWAY ST,PITTSBURGH,ALLEGHENY COUNTY,PA,15213.0,40.4557592,-79.9652432,103350,1
407,674,42003101800,1123 PREMIER ST,PITTSBURGH,ALLEGHENY COUNTY,PA,15201.0,40.4830784,-79.939088,43889,1
408,676,42003101800,5301 MCCANDLESS AVE,PITTSBURGH,ALLEGHENY COUNTY,PA,15201.0,40.4786228,-79.9466259,46465,1
409,677,42003562500,760 SHERWOOD AVE,PITTSBURGH,ALLEGHENY COUNTY,PA,15204.0,40.4591865,-80.060787,23897,1
410,679,42003170600,1821 ARLINGTON AVE,PITTSBURGH,ALLEGHENY COUNTY,PA,15210.0,40.4204445,-79.985902,47636,1
411,680,42003110200,1301 KING AVE,PITTSBURGH,ALLEGHENY COUNTY,PA,15206.0,40.4792982,-79.9261047,89717,1
412,681,42003190300,8 FETZER ST,PITTSBURGH,ALLEGHENY COUNTY,PA,15211.0,40.4330254,-80.01080870000001,44185,1
413,685,42003070900,509 S GRAHAM ST,PITTSBURGH,ALLEGHENY COUNTY,PA,15232.0,40.455661,-79.9354517,189050,1
414,687,42003191400,212 BOGGS AVE,PITTSBURGH,ALLEGHENY COUNTY,PA,15211.0,40.4265542,-80.008493,88157,1
415,688,42003980700,160 E STATION SQUARE DR APT 320,PITTSBURGH,ALLEGHENY COUNTY,PA,15219.0,40.434191999999996,-80.0058109,110977,1
416,690,42003290200,127 BIRMINGHAM AVE,PITTSBURGH,ALLEGHENY COUNTY,PA,15210.0,40.4027119,-79.98645390000001,21360,1
417,694,42003191800,1505 BERKSHIRE AVE,PITTSBURGH,ALLEGHENY COUNTY,PA,15226.0,40.387263399999995,-80.0123274,43197,1
418,695,42003110600,6126 CALLERY ST,PITTSBURGH,ALLEGHENY COUNTY,PA,15206.0,40.4710576,-79.91717609999999,16981,1
419,697,42003140600,310 S LANG AVE,PITTSBURGH,ALLEGHENY COUNTY,PA,15208.0,40.4489157,-79.90584140000001,61641,1
420,699,42003090300,4108 PENN AVE,PITTSBURGH,ALLEGHENY COUNTY,PA,15224.0,40.4657266,-79.9536035,57081,1
421,700,42003120800,6209 CARVER ST,PITTSBURGH,ALLEGHENY COUNTY,PA,15206.0,40.466105,-79.9182865,19687,1
422,704,42003562400,349 CAMFIELD ST,PITTSBURGH,ALLEGHENY COUNTY,PA,15210.0,40.406229499999995,-79.99750970000001,17103,1
423,705,42003191800,3022 KNOWLSON AVE,PITTSBURGH,ALLEGHENY COUNTY,PA,15226.0,40.3945966,-80.0297246,68836,1
424,708,42003563000,2065 MAZETTE PL,PITTSBURGH,ALLEGHENY COUNTY,PA,15205.0,40.4443613,-80.0811834,59485,1
425,709,42003160900,2603 E CARSON ST,PITTSBURGH,ALLEGHENY COUNTY,PA,15203.0,40.4226593,-79.95869379999999,116496,1
426,711,42003040600,3716 PARKVIEW AVE,PITTSBURGH,ALLEGHENY COUNTY,PA,15213.0,40.4372459,-79.95075159999999,149666,1
427,716,42003170200,1407 E CARSON ST,PITTSBURGH,ALLEGHENY COUNTY,PA,15203.0,40.429131,-79.98377940000002,60054,1
428,719,42003290400,445 BRINWOOD AVE,PITTSBURGH,ALLEGHENY COUNTY,PA,15227.0,40.3921757,-79.9787465,106885,1
429,722,42003271500,2612 STAYTON ST,PITTSBURGH,ALLEGHENY COUNTY,PA,15212.0,40.4689466,-80.02663299999999,15368,1
430,723,42003110200,5810 WELLESLEY AVE,PITTSBURGH,ALLEGHENY COUNTY,PA,15206.0,40.4729265,-79.9221062,87167,1
431,724,42003192000,2502 SHIRAS AVE,PITTSBURGH,ALLEGHENY COUNTY,PA,15216.0,40.404706,-80.0264432,87167,1
432,725,42003191800,613 WOODBOURNE AVE,PITTSBURGH,ALLEGHENY COUNTY,PA,15226.0,40.394267799999994,-80.02358840000001,148333,1
433,726,42003191600,1322 KENBERMA AVE,PITTSBURGH,ALLEGHENY COUNTY,PA,15216.0,40.4135011,-80.02250790000001,148333,1
434,728,42003191700,179 LONDON TOWNE DR,PITTSBURGH,ALLEGHENY COUNTY,PA,15226.0,40.4058673,-80.00943259999998,52981,1
435,0,42003140800,2331 TILBURY AVE,PITTSBURGH,ALLEGHENY COUNTY,PA,15217.0,40.4292059,-79.9168547,68456,0
436,2,42003160900,2112 SIDNEY ST,PITTSBURGH,ALLEGHENY COUNTY,PA,15203.0,40.4291544,-79.975386,50025,0
437,4,42003130300,7280 FLEURY WAY,PITTSBURGH,ALLEGHENY COUNTY,PA,15208.0,40.4554584,-79.8955904,37848,0
438,7,42003202300,2410 N MEADOWCROFT AVE,PITTSBURGH,ALLEGHENY COUNTY,PA,15216.0,40.4014125,-80.04851529999999,91525,0
439,10,42003120300,1351 SCHWERNER CT,PITTSBURGH,ALLEGHENY COUNTY,PA,15206.0,40.4712715,-79.9001803,55615,0
440,11,42003050900,2500 BEDFORD AVE,PITTSBURGH,ALLEGHENY COUNTY,PA,15219.0,40.4502075,-79.9723892,55615,0
441,17,42003070900,5045 5TH AVE APT 102,PITTSBURGH,ALLEGHENY COUNTY,PA,15232.0,40.4483309,-79.94012640000001,59630,0
442,18,42003240600,1934 LEY ST,PITTSBURGH,ALLEGHENY COUNTY,PA,15212.0,40.467391,-79.98082740000001,9477,0
443,20,42003281500,1540 CUMBERLAND ST,PITTSBURGH,ALLEGHENY COUNTY,PA,15205.0,40.4415219,-80.0588267,70158,0
444,21,42003562400,138 FREELAND ST,PITTSBURGH,ALLEGHENY COUNTY,PA,15210.0,40.41834179999999,-80.0046601,18064,0
445,22,42003141400,1036 SUMMERSET DR,PITTSBURGH,ALLEGHENY COUNTY,PA,15217.0,40.423967299999994,-79.90991890000001,19007,0
446,26,42003562400,402 KINGSBORO ST,PITTSBURGH,ALLEGHENY COUNTY,PA,15211.0,40.4215795,-79.99981109999999,1298,0
447,27,42003080200,4740 LORIGAN ST,PITTSBURGH,ALLEGHENY COUNTY,PA,15224.0,40.4585474,-79.9517532,16005,0
448,28,42003151700,738 MELBOURNE ST,PITTSBURGH,ALLEGHENY COUNTY,PA,15217.0,40.4217459,-79.93199270000001,52897,0
449,32,42003290100,1512 NOBLES LN,PITTSBURGH,ALLEGHENY COUNTY,PA,15210.0,40.399898,-79.9983234,13084,0
450,33,42003120400,1 SHETLAND ST,PITTSBURGH,ALLEGHENY COUNTY,PA,15206.0,40.4670099,-79.9124458,22274,0
451,34,42003090300,4114 PENN AVE,PITTSBURGH,ALLEGHENY COUNTY,PA,15224.0,40.4657266,-79.9536035,34565,0
452,35,42003070600,6229 5TH AVE,PITTSBURGH,ALLEGHENY COUNTY,PA,15232.0,40.453152,-79.9217723,1811,0
453,39,42003040200,210 CHESTERFIELD RD,PITTSBURGH,ALLEGHENY COUNTY,PA,15213.0,40.440672,-79.9620573,1022,0
454,49,42003130300,7238 SUSQUEHANNA ST,PITTSBURGH,ALLEGHENY COUNTY,PA,15208.0,40.453091,-79.8972198,4529,0
455,51,42003140100,1200 INVERNESS AVE,PITTSBURGH,ALLEGHENY COUNTY,PA,15217.0,40.4438385,-79.93265749999999,91458,0
456,53,42003261400,402 LAWTON AVE,PITTSBURGH,ALLEGHENY COUNTY,PA,15214.0,40.470446,-80.0069853,9970,0
457,54,42003290400,243 MERRITT AVE,PITTSBURGH,ALLEGHENY COUNTY,PA,15227.0,40.383136799999996,-79.9843791,9970,0
458,55,42003250300,11 MCCRORY WAY,PITTSBURGH,ALLEGHENY COUNTY,PA,15212.0,40.458805,-80.0074636,9970,0
459,57,42003050900,2730 BEDFORD AVE,PITTSBURGH,ALLEGHENY COUNTY,PA,15219.0,40.4516329,-79.96974770000001,13572,0
460,59,42003290400,128 BELPLAIN ST,PITTSBURGH,ALLEGHENY COUNTY,PA,15227.0,40.3857395,-79.9824527,50689,0
461,62,42003051000,3106 AVALON ST,PITTSBURGH,ALLEGHENY COUNTY,PA,15219.0,40.4481752,-79.9608343,3426,0
462,65,42003120800,123 ENTERPRISE ST,PITTSBURGH,ALLEGHENY COUNTY,PA,15206.0,40.4601841,-79.9148821,12035,0
463,70,42003562700,255 E OHIO ST APT 111D,PITTSBURGH,ALLEGHENY COUNTY,PA,15212.0,40.452718100000006,-80.0032559,6271,0
464,75,42003130600,118 KILMER ST,PITTSBURGH,ALLEGHENY COUNTY,PA,15221.0,40.4576403,-79.8736635,11700,0
465,81,42003020300,2505 PENN AVE,PITTSBURGH,ALLEGHENY COUNTY,PA,15222.0,40.4545641,-79.9793179,90252,0
466,82,42003250300,1404 SHERMAN AVE,PITTSBURGH,ALLEGHENY COUNTY,PA,15212.0,40.4574785,-80.01018549999999,2470,0
467,84,42003020100,419 WOOD ST,PITTSBURGH,ALLEGHENY COUNTY,PA,15222.0,40.4400074,-80.0018587,9667,0
468,87,42003563200,1018 CHESTNUT ST,PITTSBURGH,ALLEGHENY COUNTY,PA,15212.0,40.45703889999999,-79.9949564,10582,0
469,88,42003562900,210 COURTLAND ST,PITTSBURGH,ALLEGHENY COUNTY,PA,15207.0,40.40768920000001,-79.9480372,4349,0
470,90,42003290100,124 PARKFIELD ST,PITTSBURGH,ALLEGHENY COUNTY,PA,15210.0,40.3927612,-79.989251,37262,0
471,93,42003130600,1915 REMINGTON DR,PITTSBURGH,ALLEGHENY COUNTY,PA,15221.0,40.4497935,-79.86959159999999,39462,0
472,94,42003130200,7330 MONTICELLO ST,PITTSBURGH,ALLEGHENY COUNTY,PA,15208.0,40.458606599999996,-79.8922563,41706,0
473,102,42003111500,6321 BROAD ST,PITTSBURGH,ALLEGHENY COUNTY,PA,15206.0,40.4614482,-79.9164021,11573,0
474,108,42003562600,811 STEUBEN ST,PITTSBURGH,ALLEGHENY COUNTY,PA,15220.0,40.441808200000004,-80.04145729999999,11315,0
475,109,42003261400,409 BARK ST,PITTSBURGH,ALLEGHENY COUNTY,PA,15214.0,40.4696592,-80.0044093,11315,0
476,110,42003191600,1011 TROPICAL AVE,PITTSBURGH,ALLEGHENY COUNTY,PA,15216.0,40.41984420000001,-80.02437459999999,12402,0
477,112,42003271500,179 LECKY AVE,PITTSBURGH,ALLEGHENY COUNTY,PA,15212.0,40.4757511,-80.03182690000001,18410,0
478,113,42003563200,907 EAST ST,PITTSBURGH,ALLEGHENY COUNTY,PA,15212.0,40.4556495,-79.9990703,3445,0
479,119,42003210700,1515 MANHATTAN ST,PITTSBURGH,ALLEGHENY COUNTY,PA,15233.0,40.4551879,-80.02700329999999,14559,0
480,120,42003250900,1611 MEADVILLE ST,PITTSBURGH,ALLEGHENY COUNTY,PA,15214.0,40.461211999999996,-80.00550340000001,816,0
481,122,42003191600,1315 METHYL ST,PITTSBURGH,ALLEGHENY COUNTY,PA,15216.0,40.4153317,-80.02543840000001,6989,0
482,127,42003060300,3952 HOWLEY ST,PITTSBURGH,ALLEGHENY COUNTY,PA,15224.0,40.463218299999994,-79.95849240000001,10225,0
483,130,42003191400,340 GRACE ST,PITTSBURGH,ALLEGHENY COUNTY,PA,15211.0,40.429564,-80.0137177,11313,0
484,134,42003563100,1000 COVERDALE ST,PITTSBURGH,ALLEGHENY COUNTY,PA,15220.0,40.4337601,-80.0442407,67789,0
485,136,42003290400,415 OVERBROOK BLVD,PITTSBURGH,ALLEGHENY COUNTY,PA,15210.0,40.3861631,-79.98998990000001,34984,0
486,138,42003202200,1328 JEFFERS ST,PITTSBURGH,ALLEGHENY COUNTY,PA,15204.0,40.452837,-80.06684440000001,91233,0
487,140,42003130600,2048 FRANKELLA AVE,PITTSBURGH,ALLEGHENY COUNTY,PA,15221.0,40.4517249,-79.8693268,6111,0
488,150,42003111500,331 AMBER ST,PITTSBURGH,ALLEGHENY COUNTY,PA,15206.0,40.4596317,-79.9315647,14583,0
489,151,42003140600,126 RICHLAND LN,PITTSBURGH,ALLEGHENY COUNTY,PA,15208.0,40.4464373,-79.8983055,12349,0
490,152,42003210700,1300 SHEFFIELD ST,PITTSBURGH,ALLEGHENY COUNTY,PA,15233.0,40.4534824,-80.0253147,512,0
491,153,42003180700,111 KATHLEEN ST,PITTSBURGH,ALLEGHENY COUNTY,PA,15211.0,40.4262612,-80.003538,512,0
492,154,42003281500,1567 CLAIRTONICA ST,PITTSBURGH,ALLEGHENY COUNTY,PA,15205.0,40.4389633,-80.0570353,49323,0
493,156,42003270800,1265 TERMON AVE,PITTSBURGH,ALLEGHENY COUNTY,PA,15212.0,40.4828619,-80.034026,49596,0
494,157,42003290200,1625 CONCORDIA ST,PITTSBURGH,ALLEGHENY COUNTY,PA,15210.0,40.399271,-79.9870402,88983,0
495,158,42003170200,117 S 12TH ST,PITTSBURGH,ALLEGHENY COUNTY,PA,15203.0,40.426818700000005,-79.9860542,3126,0
496,159,42003140300,1505 BEECHWOOD BLVD,PITTSBURGH,ALLEGHENY COUNTY,PA,15217.0,40.442045,-79.9159323,84546,0
497,163,42003060300,3955 LIBERTY AVE,PITTSBURGH,ALLEGHENY COUNTY,PA,15224.0,40.4628388,-79.95839009999999,6931,0
498,164,42003561900,7158 VANN RD,PITTSBURGH,ALLEGHENY COUNTY,PA,15206.0,40.4655598,-79.895677,48422,0
499,165,42003160800,3103 HARCUM WAY,PITTSBURGH,ALLEGHENY COUNTY,PA,15203.0,40.422599600000005,-79.9640673,58940,0
500,166,42003130100,6941 CHAUCER ST,PITTSBURGH,ALLEGHENY COUNTY,PA,15208.0,40.4639505,-79.8975715,23204,0
501,168,42003140800,5818 FORBES AVE,PITTSBURGH,ALLEGHENY COUNTY,PA,15217.0,40.4375419,-79.92117209999999,61324,0
502,169,42003262000,2114 HARBOR ST,PITTSBURGH,ALLEGHENY COUNTY,PA,15212.0,40.4683266,-79.9891916,39327,0
503,170,42003130600,2267 WILNER DR,PITTSBURGH,ALLEGHENY COUNTY,PA,15221.0,40.4540817,-79.86882759999999,91130,0
504,175,42003562900,307 W ELIZABETH ST,PITTSBURGH,ALLEGHENY COUNTY,PA,15207.0,40.4059143,-79.94542290000001,9851,0
505,181,42003290200,127 E AGNEW AVE,PITTSBURGH,ALLEGHENY COUNTY,PA,15210.0,40.395801500000005,-79.98544770000001,56723,0
506,189,42003070500,5839 HOLDEN ST,PITTSBURGH,ALLEGHENY COUNTY,PA,15232.0,40.4557636,-79.92876940000001,77596,0
507,196,42003040900,3219 DAWSON ST,PITTSBURGH,ALLEGHENY COUNTY,PA,15213.0,40.4310537,-79.95460779999999,3323,0
508,200,42003120300,1149 PAULSON AVE,PITTSBURGH,ALLEGHENY COUNTY,PA,15206.0,40.4681857,-79.9053641,3438,0
509,206,42003562400,822 GEARING AVE,PITTSBURGH,ALLEGHENY COUNTY,PA,15210.0,40.4149269,-80.0050835,72360,0
510,209,42003060300,3491 DENNY ST,PITTSBURGH,ALLEGHENY COUNTY,PA,15201.0,40.462996399999994,-79.9648886,16291,0
511,210,42003202200,1218 FAIRDALE ST,PITTSBURGH,ALLEGHENY COUNTY,PA,15204.0,40.4542205,-80.0636653,56031,0
512,211,42003140100,322 SCHENLEY RD,PITTSBURGH,ALLEGHENY COUNTY,PA,15217.0,40.4418528,-79.9390628,56031,0
513,216,42003561600,224 STERLING ST,PITTSBURGH,ALLEGHENY COUNTY,PA,15210.0,40.4145639,-79.9760687,77888,0
514,218,42003140800,5919 HOBART ST,PITTSBURGH,ALLEGHENY COUNTY,PA,15217.0,40.434527100000004,-79.9208733,18395,0
515,220,42003191500,321 EUTAW ST,PITTSBURGH,ALLEGHENY COUNTY,PA,15211.0,40.423576000000004,-80.0077052,46252,0
516,221,42003561900,1567 ELROD WAY,PITTSBURGH,ALLEGHENY COUNTY,PA,15206.0,40.4677113,-79.8948775,12360,0
517,224,42003191600,606 SEBRING AVE,PITTSBURGH,ALLEGHENY COUNTY,PA,15216.0,40.413619399999995,-80.0197818,99520,0
518,226,42003130100,1032 MOHLER ST,PITTSBURGH,ALLEGHENY COUNTY,PA,15208.0,40.4591188,-79.88546070000001,2260,0
519,229,42003101700,5148 DEARBORN ST,PITTSBURGH,ALLEGHENY COUNTY,PA,15224.0,40.4652466,-79.9404686,30491,0
520,230,42003290200,230 ALRIES ST,PITTSBURGH,ALLEGHENY COUNTY,PA,15210.0,40.3996503,-79.98383940000001,53106,0
521,231,42003130400,625 BRUSHTON AVE,PITTSBURGH,ALLEGHENY COUNTY,PA,15208.0,40.4532576,-79.889289,51183,0
522,233,42003980400,129 MARSHALL AVE,PITTSBURGH,ALLEGHENY COUNTY,PA,15214.0,40.478464,-80.021697,30000,0
523,238,42003270800,718 WOODS RUN AVE,PITTSBURGH,ALLEGHENY COUNTY,PA,15212.0,40.4831945,-80.0291666,14512,0
524,239,42003170600,38 WINDOM HILL PL,PITTSBURGH,ALLEGHENY COUNTY,PA,15203.0,40.4270511,-79.9932512,79831,0
525,241,42003270800,420 CHANDLER PL,PITTSBURGH,ALLEGHENY COUNTY,PA,15212.0,40.4859652,-80.0293448,1464,0
526,245,42003191800,703 WOODBOURNE AVE,PITTSBURGH,ALLEGHENY COUNTY,PA,15226.0,40.3928753,-80.0216525,14475,0
527,246,42003210700,1243 SHEFFIELD ST,PITTSBURGH,ALLEGHENY COUNTY,PA,15233.0,40.4533402,-80.0234376,34858,0
528,247,42003141300,2216 MURRAY AVE,PITTSBURGH,ALLEGHENY COUNTY,PA,15217.0,40.430352899999995,-79.92495550000001,14536,0
529,249,42003561600,3021 ZARUBA ST,PITTSBURGH,ALLEGHENY COUNTY,PA,15210.0,40.4163346,-79.9631543,7132,0
530,250,42003191600,1327 METHYL ST,PITTSBURGH,ALLEGHENY COUNTY,PA,15216.0,40.4153317,-80.02543840000001,11610,0
531,252,42003191400,139 E SYCAMORE ST,PITTSBURGH,ALLEGHENY COUNTY,PA,15211.0,40.4308589,-80.0081895,4188,0
532,253,42003250300,1519 GARFIELD AVE,PITTSBURGH,ALLEGHENY COUNTY,PA,15212.0,40.45808770000001,-80.01313209999999,60781,0
533,259,42003300100,228 MATHEWS AVE,PITTSBURGH,ALLEGHENY COUNTY,PA,15210.0,40.4128037,-79.99241020000001,40964,0
534,261,42003070900,4707 BAYARD ST,PITTSBURGH,ALLEGHENY COUNTY,PA,15213.0,40.4514391,-79.9473318,14590,0
535,262,42003270400,1533 SUPERIOR AVE,PITTSBURGH,ALLEGHENY COUNTY,PA,15212.0,40.4653633,-80.03000300000001,92889,0
536,263,42003192000,112 PAULINE PL,PITTSBURGH,ALLEGHENY COUNTY,PA,15216.0,40.4051211,-80.02470550000001,44211,0
537,264,42003100500,1004 WOODBINE ST,PITTSBURGH,ALLEGHENY COUNTY,PA,15201.0,40.4772571,-79.94002629999999,13020,0
538,265,42003090300,4613 LIBERTY AVE,PITTSBURGH,ALLEGHENY COUNTY,PA,15224.0,40.4625811,-79.95025190000001,60949,0
539,270,42003980400,103 MARSHALL AVE,PITTSBURGH,ALLEGHENY COUNTY,PA,15214.0,40.478464,-80.021697,30000,0
540,273,42003290100,1830 WESTMONT AVE,PITTSBURGH,ALLEGHENY COUNTY,PA,15210.0,40.3963322,-79.9891126,46059,0
541,277,42003141300,5454 COVODE PL,PITTSBURGH,ALLEGHENY COUNTY,PA,15217.0,40.431169,-79.9300489,23820,0
542,282,42003110600,6043 STANTON AVE,PITTSBURGH,ALLEGHENY COUNTY,PA,15206.0,40.469402,-79.9191651,58779,0
543,283,42003192000,1725 CROSBY AVE,PITTSBURGH,ALLEGHENY COUNTY,PA,15216.0,40.4051211,-80.02470550000001,17113,0
544,288,42003561600,2026 SPRING ST,PITTSBURGH,ALLEGHENY COUNTY,PA,15210.0,40.4167024,-79.97872579999999,8264,0
545,290,42003250300,404 ALPINE AVE,PITTSBURGH,ALLEGHENY COUNTY,PA,15212.0,40.4582804,-80.01212240000001,16751,0
546,292,42003130300,7048 KELLY ST,PITTSBURGH,ALLEGHENY COUNTY,PA,15208.0,40.4560944,-79.9006387,10445,0
547,293,42003151700,4312 SALINE ST,PITTSBURGH,ALLEGHENY COUNTY,PA,15217.0,40.420326,-79.92674,6459,0
548,294,42003271500,3044 FREDERICK ST,PITTSBURGH,ALLEGHENY COUNTY,PA,15212.0,40.4730277,-80.030475,31571,0
549,295,42003070900,5419 POTTER ST,PITTSBURGH,ALLEGHENY COUNTY,PA,15232.0,40.455661,-79.9354517,56092,0
550,296,42003040500,372 1/2 MCKEE PL,PITTSBURGH,ALLEGHENY COUNTY,PA,15213.0,40.4371463,-79.9570344,56092,0
551,297,42003300100,341 SUNCREST ST,PITTSBURGH,ALLEGHENY COUNTY,PA,15210.0,40.4112718,-79.9941051,20625,0
552,301,42003191600,1420 ORANGEWOOD AVE,PITTSBURGH,ALLEGHENY COUNTY,PA,15216.0,40.4117,-80.01877309999999,71459,0
553,303,42003101600,5139 HILLCREST ST,PITTSBURGH,ALLEGHENY COUNTY,PA,15224.0,40.470090899999995,-79.94150920000001,3754,0
554,304,42003101800,1373 HAWTHORNE ST,PITTSBURGH,ALLEGHENY COUNTY,PA,15201.0,40.48260379999999,-79.93649470000001,11029,0
555,307,42003563200,916 JAMES ST,PITTSBURGH,ALLEGHENY COUNTY,PA,15212.0,40.4558346,-80.0005815,54593,0
556,308,42003561900,1722 LINCOLN AVE,PITTSBURGH,ALLEGHENY COUNTY,PA,15206.0,40.4724196,-79.88997090000001,45393,0
557,310,42003562300,43 CUST ST,PITTSBURGH,ALLEGHENY COUNTY,PA,15207.0,40.402609000000005,-79.93911429999999,11496,0
558,312,42003561600,2120 BRENT ST,PITTSBURGH,ALLEGHENY COUNTY,PA,15210.0,40.4157786,-79.9773047,7780,0
559,315,42003170200,84 S 14TH ST,PITTSBURGH,ALLEGHENY COUNTY,PA,15203.0,40.42684570000001,-79.9844037,34833,0
560,320,42003562900,5026 BLAIR ST,PITTSBURGH,ALLEGHENY COUNTY,PA,15207.0,40.4073589,-79.94710429999999,3348,0
561,321,42003140800,5916 PHILLIPS AVE,PITTSBURGH,ALLEGHENY COUNTY,PA,15217.0,40.431819299999994,-79.91938499999999,13444,0
562,322,42003080600,314 S ATLANTIC AVE,PITTSBURGH,ALLEGHENY COUNTY,PA,15224.0,40.4610159,-79.93954690000001,19517,0
563,326,42003040500,332 S BOUQUET ST,PITTSBURGH,ALLEGHENY COUNTY,PA,15213.0,40.4403487,-79.9546007,16594,0
564,338,42003020100,615 1ST AVE APT 902,PITTSBURGH,ALLEGHENY COUNTY,PA,15219.0,40.43618,-79.9968824,14416,0
565,341,42003130400,7924 SUSQUEHANNA ST,PITTSBURGH,ALLEGHENY COUNTY,PA,15221.0,40.448471399999995,-79.886377,12127,0
566,344,42003050100,618 PERRY ST,PITTSBURGH,ALLEGHENY COUNTY,PA,15219.0,40.446520299999996,-79.9776036,18642,0
567,346,42003140300,5880 NORTHUMBERLAND ST,PITTSBURGH,ALLEGHENY COUNTY,PA,15217.0,40.4408552,-79.9202248,69783,0
568,347,42003300100,233 JUCUNDA ST,PITTSBURGH,ALLEGHENY COUNTY,PA,15210.0,40.4174822,-79.99189820000001,396,0
569,348,42003040900,3254 DAWSON ST,PITTSBURGH,ALLEGHENY COUNTY,PA,15213.0,40.4306815,-79.9535369,12536,0
570,353,42003563200,917 JAMES ST,PITTSBURGH,ALLEGHENY COUNTY,PA,15212.0,40.4554348,-80.00152829999999,91646,0
571,354,42003101400,1106 JANCEY ST,PITTSBURGH,ALLEGHENY COUNTY,PA,15206.0,40.4782364,-79.9298635,30949,0
572,355,42003563200,700 RIVER AVE,PITTSBURGH,ALLEGHENY COUNTY,PA,15212.0,40.4491843,-79.9980868,12417,0
573,363,42003040900,3600 WHITNEY ST,PITTSBURGH,ALLEGHENY COUNTY,PA,15213.0,40.4306155,-79.95569549999999,1068,0
574,366,42003030500,1932 BEDFORD AVE,PITTSBURGH,ALLEGHENY COUNTY,PA,15219.0,40.4458902,-79.9832234,6950,0
575,367,42003111400,420 N FAIRMOUNT ST,PITTSBURGH,ALLEGHENY COUNTY,PA,15206.0,40.466899600000005,-79.93007220000001,73991,0
576,368,42003270100,1911 TERMON AVE,PITTSBURGH,ALLEGHENY COUNTY,PA,15212.0,40.482332799999995,-80.04408790000001,74952,0
577,370,42003191500,52 RUTH ST,PITTSBURGH,ALLEGHENY COUNTY,PA,15211.0,40.4257633,-80.00534590000001,35831,0
578,377,42003300100,300 SUNCREST ST,PITTSBURGH,ALLEGHENY COUNTY,PA,15210.0,40.410737299999994,-79.9939382,66595,0
579,380,42003270300,3455 MCCLURE AVE,PITTSBURGH,ALLEGHENY COUNTY,PA,15212.0,40.4795388,-80.0372483,73377,0
580,385,42003010300,1801 BLVD OF THE ALLIES,PITTSBURGH,ALLEGHENY COUNTY,PA,15219.0,40.4362385,-79.98063509999999,5750,0
581,386,42003190300,231 MERRIMAC ST,PITTSBURGH,ALLEGHENY COUNTY,PA,15211.0,40.432276,-80.013379,16335,0
582,389,42003080400,629 S MILLVALE AVE,PITTSBURGH,ALLEGHENY COUNTY,PA,15224.0,40.4579488,-79.9468995,9658,0
583,390,42003270800,4087 BRANDON RD,PITTSBURGH,ALLEGHENY COUNTY,PA,15212.0,40.4895845,-80.04067049999999,2178,0
584,396,42003141300,5505 DARLINGTON RD,PITTSBURGH,ALLEGHENY COUNTY,PA,15217.0,40.437314799999996,-79.92922349999999,22780,0
585,401,42003080200,316 PEARL ST,PITTSBURGH,ALLEGHENY COUNTY,PA,15224.0,40.4614685,-79.950712,13188,0
586,402,42003151600,4133 ROSALIA PL,PITTSBURGH,ALLEGHENY COUNTY,PA,15207.0,40.4229981,-79.94416690000001,16751,0
587,407,42003563200,618 FORELAND ST,PITTSBURGH,ALLEGHENY COUNTY,PA,15212.0,40.4548896,-79.9988232,7916,0
588,408,42003120400,12 SHETLAND ST,PITTSBURGH,ALLEGHENY COUNTY,PA,15206.0,40.466184999999996,-79.9135492,810,0
589,412,42003090300,4628 PENN AVE,PITTSBURGH,ALLEGHENY COUNTY,PA,15224.0,40.46560770000001,-79.94885620000001,45874,0
590,415,42003561600,2328 ELSIE ST,PITTSBURGH,ALLEGHENY COUNTY,PA,15210.0,40.4164204,-79.97386259999999,19811,0
591,417,42003561600,2122 BRENT ST,PITTSBURGH,ALLEGHENY COUNTY,PA,15210.0,40.4157786,-79.9773047,3381,0
592,418,42003030500,1829 BEDFORD AVE,PITTSBURGH,ALLEGHENY COUNTY,PA,15219.0,40.4460874,-79.98399470000001,13561,0
593,419,42003050900,2534 BEDFORD AVE,PITTSBURGH,ALLEGHENY COUNTY,PA,15219.0,40.450636100000004,-79.9711069,12388,0
594,420,42003160800,2715 MISSION ST,PITTSBURGH,ALLEGHENY COUNTY,PA,15203.0,40.421764700000004,-79.96726579999999,64305,0
595,423,42003170600,7 ROSCOE ST,PITTSBURGH,ALLEGHENY COUNTY,PA,15203.0,40.424068299999995,-79.98257779999999,9363,0
596,427,42003562800,10 OAKWOOD RD,PITTSBURGH,ALLEGHENY COUNTY,PA,15205.0,40.4285253,-80.0669936,14369,0
597,428,42003060300,3321 LIBERTY AVE,PITTSBURGH,ALLEGHENY COUNTY,PA,15201.0,40.461679600000004,-79.96747009999999,1664,0
598,429,42003310200,5836 RODGERS ST,PITTSBURGH,ALLEGHENY COUNTY,PA,15207.0,40.364214200000006,-79.9108717,18889,0
599,430,42003271500,3170 BRIGHTON RD,PITTSBURGH,ALLEGHENY COUNTY,PA,15212.0,40.4752176,-80.0292801,24233,0
600,431,42003141400,4025 LUDWICK ST,PITTSBURGH,ALLEGHENY COUNTY,PA,15217.0,40.424065,-79.9250556,66289,0
601,433,42003070600,5911 HOWE ST,PITTSBURGH,ALLEGHENY COUNTY,PA,15232.0,40.4532554,-79.9262146,24902,0
602,434,42003192000,2008 CROSBY AVE,PITTSBURGH,ALLEGHENY COUNTY,PA,15216.0,40.4053601,-80.0290771,44612,0
603,436,42003030500,243 LOMBARD ST,PITTSBURGH,ALLEGHENY COUNTY,PA,15219.0,40.4400834,-79.9791019,2985,0
604,438,42003160800,2135 ECCLES ST,PITTSBURGH,ALLEGHENY COUNTY,PA,15210.0,40.4187317,-79.97646590000001,10322,0
605,439,42003563000,516 VILLAGE RD,PITTSBURGH,ALLEGHENY COUNTY,PA,15205.0,40.449666,-80.07796309999999,98031,0
606,440,42003262000,1061 SHREVE ST,PITTSBURGH,ALLEGHENY COUNTY,PA,15212.0,40.4719092,-79.9962166,4197,0
607,446,42003060500,334 HARMAR ST,PITTSBURGH,ALLEGHENY COUNTY,PA,15219.0,40.457473,-79.9678543,98186,0
608,449,42003010300,1016 5TH AVE APT 401,PITTSBURGH,ALLEGHENY COUNTY,PA,15219.0,40.4385277,-79.9896329,48125,0
609,451,42003563200,827 CONCORD ST,PITTSBURGH,ALLEGHENY COUNTY,PA,15212.0,40.4577262,-79.99645550000001,62755,0
610,452,42003141400,2720 FERNWALD RD,PITTSBURGH,ALLEGHENY COUNTY,PA,15217.0,40.4253436,-79.91425490000002,2733,0
611,453,42003141300,5733 PHILLIPS AVE,PITTSBURGH,ALLEGHENY COUNTY,PA,15217.0,40.4321534,-79.9253741,48355,0
612,459,42003030500,439 CRAWFORD ST,PITTSBURGH,ALLEGHENY COUNTY,PA,15219.0,40.440833399999995,-79.9852238,70995,0
613,463,42003140600,7020 PENN AVE,PITTSBURGH,ALLEGHENY COUNTY,PA,15208.0,40.4489157,-79.90584140000001,58110,0
614,465,42003101800,1140 DOWNLOOK ST,PITTSBURGH,ALLEGHENY COUNTY,PA,15201.0,40.4834059,-79.9388676,44186,0
615,467,42003080200,4624 LIBERTY AVE,PITTSBURGH,ALLEGHENY COUNTY,PA,15224.0,40.4620472,-79.9502373,3765,0
616,469,42003141100,321 RAYMOND ST,PITTSBURGH,ALLEGHENY COUNTY,PA,15218.0,40.424496999999995,-79.8988557,45464,0
617,470,42003040500,109 MEYRAN AVE,PITTSBURGH,ALLEGHENY COUNTY,PA,15213.0,40.4413402,-79.95860259999999,45464,0
618,471,42003111300,723 MELLON ST,PITTSBURGH,ALLEGHENY COUNTY,PA,15206.0,40.4700901,-79.9258766,13217,0
619,473,42003140300,6532 DALZELL PL,PITTSBURGH,ALLEGHENY COUNTY,PA,15217.0,40.441187,-79.91566590000001,24453,0
620,476,42003170200,1303 E CARSON ST,PITTSBURGH,ALLEGHENY COUNTY,PA,15203.0,40.429114899999995,-79.9847452,3509,0
621,483,42003170200,29 S 18TH ST,PITTSBURGH,ALLEGHENY COUNTY,PA,15203.0,40.430740500000006,-79.979647,5736,0
622,485,42003120300,6960 LEMINGTON AVE,PITTSBURGH,ALLEGHENY COUNTY,PA,15206.0,40.4712715,-79.9001803,30405,0
623,487,42003180700,82 PASADENA ST,PITTSBURGH,ALLEGHENY COUNTY,PA,15211.0,40.4228143,-80.00192559999999,13918,0
624,489,42003561600,2112 ABEL ST,PITTSBURGH,ALLEGHENY COUNTY,PA,15210.0,40.4157786,-79.9773047,44367,0
625,491,42003040400,4625 5TH AVE,PITTSBURGH,ALLEGHENY COUNTY,PA,15213.0,40.4486013,-79.949047,362,0
626,492,42003060300,3451 LIGONIER ST,PITTSBURGH,ALLEGHENY COUNTY,PA,15201.0,40.462953399999996,-79.9656428,3428,0
627,493,42003180700,413 EUREKA ST,PITTSBURGH,ALLEGHENY COUNTY,PA,15211.0,40.4240826,-79.99976,3428,0
628,495,42003030500,707 LEDLIE ST,PITTSBURGH,ALLEGHENY COUNTY,PA,15219.0,40.4469636,-79.9844315,95274,0
629,496,42003050900,2267 SOMERS DR,PITTSBURGH,ALLEGHENY COUNTY,PA,15219.0,40.451116999999996,-79.9746702,828,0
630,497,42003191500,519 SOUTHERN AVE,PITTSBURGH,ALLEGHENY COUNTY,PA,15211.0,40.4229019,-80.0113462,13647,0
631,504,42003561900,7008 WILTSIE ST,PITTSBURGH,ALLEGHENY COUNTY,PA,15206.0,40.4720162,-79.8965518,137,0
632,505,42003040900,3571 WAKEFIELD ST,PITTSBURGH,ALLEGHENY COUNTY,PA,15213.0,40.4306155,-79.95569549999999,137,0
633,506,42003190300,626 GRANDVIEW AVE,PITTSBURGH,ALLEGHENY COUNTY,PA,15211.0,40.4359713,-80.01320909999998,137,0
634,507,42003562500,2916 GLEN MAWR ST,PITTSBURGH,ALLEGHENY COUNTY,PA,15204.0,40.456027500000005,-80.05178640000001,4596,0
635,508,42003140300,6529 NORTHUMBERLAND ST,PITTSBURGH,ALLEGHENY COUNTY,PA,15217.0,40.4434099,-79.9168893,7373,0
636,511,42003191600,1506 METHYL ST,PITTSBURGH,ALLEGHENY COUNTY,PA,15216.0,40.4117304,-80.0261509,34707,0
637,512,42003051000,261 OAK HILL DR,PITTSBURGH,ALLEGHENY COUNTY,PA,15213.0,40.4394592,-79.9696158,12543,0
638,514,42003260200,4130 FRANKLIN RD,PITTSBURGH,ALLEGHENY COUNTY,PA,15214.0,40.494043299999994,-80.02083809999999,5565,0
639,516,42003271500,1010 SMITHTON AVE,PITTSBURGH,ALLEGHENY COUNTY,PA,15212.0,40.474664700000005,-80.02677170000001,47435,0
640,519,42003080600,345 WEST PENN PL,PITTSBURGH,ALLEGHENY COUNTY,PA,15224.0,40.4607435,-79.94220159999999,52181,0
641,521,42003170600,20 E AMANDA AVE,PITTSBURGH,ALLEGHENY COUNTY,PA,15210.0,40.4210307,-79.98803259999998,83270,0
642,523,42003202300,2631 BELLINGHAM AVE,PITTSBURGH,ALLEGHENY COUNTY,PA,15216.0,40.4035424,-80.0381848,58159,0
643,526,42003561900,7305 LEMINGTON AVE,PITTSBURGH,ALLEGHENY COUNTY,PA,15235.0,40.4674513,-79.8900985,13601,0
644,531,42003141000,1027 LANCASTER AVE,PITTSBURGH,ALLEGHENY COUNTY,PA,15218.0,40.433943,-79.8983923,58857,0
645,534,42003562300,57 CUST ST,PITTSBURGH,ALLEGHENY COUNTY,PA,15207.0,40.402609000000005,-79.93911429999999,5662,0
646,535,42003160900,2124 FOX WAY,PITTSBURGH,ALLEGHENY COUNTY,PA,15203.0,40.429598,-79.9753418,17463,0
647,537,42003191500,15 SIMMS ST,PITTSBURGH,ALLEGHENY COUNTY,PA,15211.0,40.4214969,-80.0135824,38787,0
648,538,42003130200,7655 BAXTER ST,PITTSBURGH,ALLEGHENY COUNTY,PA,15208.0,40.4568922,-79.88834229999999,8772,0
649,545,42003111400,428 N FAIRMOUNT ST,PITTSBURGH,ALLEGHENY COUNTY,PA,15206.0,40.466899600000005,-79.93007220000001,13527,0
650,547,42003070600,5708 WALNUT ST,PITTSBURGH,ALLEGHENY COUNTY,PA,15232.0,40.4518986,-79.92986409999999,97159,0
651,550,42003070900,588 S AIKEN AVE,PITTSBURGH,ALLEGHENY COUNTY,PA,15232.0,40.4527146,-79.9394927,2540,0
652,551,42003151600,309 GREENFIELD AVE,PITTSBURGH,ALLEGHENY COUNTY,PA,15207.0,40.425605100000006,-79.94827540000001,76963,0
653,552,42003080600,5147 FRIENDSHIP AVE,PITTSBURGH,ALLEGHENY COUNTY,PA,15224.0,40.4631438,-79.941168,87164,0
654,555,42003070600,401 S HIGHLAND AVE,PITTSBURGH,ALLEGHENY COUNTY,PA,15206.0,40.453962,-79.9246235,3371,0
655,558,42003202300,2678 WINCHESTER DR,PITTSBURGH,ALLEGHENY COUNTY,PA,15220.0,40.4099211,-80.0423353,13726,0
656,562,42003562600,1023 RUE GRANDE VUE ST,PITTSBURGH,ALLEGHENY COUNTY,PA,15220.0,40.4499095,-80.0386309,12746,0
657,563,42003562500,3327 GLEN MAWR ST,PITTSBURGH,ALLEGHENY COUNTY,PA,15204.0,40.4593179,-80.0561881,45,0
658,569,42003080200,627 EDMOND ST,PITTSBURGH,ALLEGHENY COUNTY,PA,15224.0,40.4590072,-79.9494771,8276,0
659,570,42003191400,305 KEARSARGE ST,PITTSBURGH,ALLEGHENY COUNTY,PA,15211.0,40.4302979,-80.0104468,8511,0
660,571,42003101700,5207 PENN AVE,PITTSBURGH,ALLEGHENY COUNTY,PA,15224.0,40.4649432,-79.9392372,80727,0
661,573,42003261200,3451 COLBY ST,PITTSBURGH,ALLEGHENY COUNTY,PA,15214.0,40.489193799999995,-80.0072228,4642,0
662,574,42003140800,1721 MURRAY AVE,PITTSBURGH,ALLEGHENY COUNTY,PA,15217.0,40.4375419,-79.92117209999999,4642,0
663,575,42003020300,2930 SMALLMAN ST APT 327,PITTSBURGH,ALLEGHENY COUNTY,PA,15201.0,40.458850299999995,-79.9741097,66914,0
664,578,42003563200,624 SUISMON ST,PITTSBURGH,ALLEGHENY COUNTY,PA,15212.0,40.4556495,-79.9990703,34578,0
665,579,42003191600,789 TROPICAL AVE,PITTSBURGH,ALLEGHENY COUNTY,PA,15216.0,40.41951629999999,-80.020465,90979,0
666,580,42003562500,2764 ZEPHYR AVE,PITTSBURGH,ALLEGHENY COUNTY,PA,15204.0,40.4542649,-80.0512535,5362,0
667,581,42003010300,1724 WATSON ST,PITTSBURGH,ALLEGHENY COUNTY,PA,15219.0,40.437749100000005,-79.9820358,1638,0
668,587,42003562300,10 ALLEGHENY TER,PITTSBURGH,ALLEGHENY COUNTY,PA,15207.0,40.4002702,-79.93711590000001,14795,0
669,588,42003151600,409 BIGELOW ST,PITTSBURGH,ALLEGHENY COUNTY,PA,15207.0,40.4196909,-79.94049670000001,2266,0
670,589,42003281400,2841 FRONTENAC ST,PITTSBURGH,ALLEGHENY COUNTY,PA,15204.0,40.4511296,-80.05582790000001,46380,0
671,590,42003250300,1531 ARCH ST,PITTSBURGH,ALLEGHENY COUNTY,PA,15212.0,40.4589506,-80.0101339,33513,0
672,595,42003563000,1221 VILLAGE RD,PITTSBURGH,ALLEGHENY COUNTY,PA,15205.0,40.449962,-80.0752435,83659,0
673,597,42003120300,1335 OLIVANT ST,PITTSBURGH,ALLEGHENY COUNTY,PA,15206.0,40.468144099999996,-79.9001993,53798,0
674,600,42003260700,102 WATSON BLVD,PITTSBURGH,ALLEGHENY COUNTY,PA,15214.0,40.4815329,-80.0099941,53109,0
675,602,42003191700,324 LAMARIDO ST,PITTSBURGH,ALLEGHENY COUNTY,PA,15226.0,40.3999809,-80.016261,61764,0
676,603,42003060300,3336 SPRING WAY,PITTSBURGH,ALLEGHENY COUNTY,PA,15201.0,40.461679600000004,-79.96747009999999,15416,0
677,604,42003140500,7221 THOMAS BLVD,PITTSBURGH,ALLEGHENY COUNTY,PA,15208.0,40.4511093,-79.89901640000001,57511,0
678,605,42003141300,5704 DARLINGTON RD,PITTSBURGH,ALLEGHENY COUNTY,PA,15217.0,40.4363972,-79.92500940000001,32227,0
679,606,42003191600,1627 PRINCESS AVE,PITTSBURGH,ALLEGHENY COUNTY,PA,15216.0,40.4102818,-80.0170388,37461,0
680,616,42003030500,1728 CLIFF ST,PITTSBURGH,ALLEGHENY COUNTY,PA,15219.0,40.4455304,-79.98590820000001,19471,0
681,617,42003300100,44 GRAPE ST,PITTSBURGH,ALLEGHENY COUNTY,PA,15210.0,40.4128575,-79.9899363,47353,0
682,618,42003040200,128 OLD KIRKPATRICK ST,PITTSBURGH,ALLEGHENY COUNTY,PA,15219.0,40.437248600000004,-79.9704728,47353,0
683,621,42003070300,5419 KENTUCKY AVE,PITTSBURGH,ALLEGHENY COUNTY,PA,15232.0,40.44951939999999,-79.9338808,60274,0
684,625,42003250300,1531 MONTEREY ST,PITTSBURGH,ALLEGHENY COUNTY,PA,15212.0,40.457654299999994,-80.0139645,32209,0
685,628,42003563200,523 LOCKHART ST,PITTSBURGH,ALLEGHENY COUNTY,PA,15212.0,40.4523594,-79.9987219,14100,0
686,629,42003020100,340 3RD AVE,PITTSBURGH,ALLEGHENY COUNTY,PA,15222.0,40.4383245,-80.0009132,5702,0
687,634,42003281500,1257 CLAIRHAVEN ST,PITTSBURGH,ALLEGHENY COUNTY,PA,15205.0,40.4386729,-80.0522673,32995,0
688,635,42003281400,2812 MIDDLETOWN RD,PITTSBURGH,ALLEGHENY COUNTY,PA,15204.0,40.4471705,-80.0610138,8673,0
689,637,42003270800,1130 TERMON AVE,PITTSBURGH,ALLEGHENY COUNTY,PA,15212.0,40.48373,-80.0319437,6183,0
690,638,42003270100,1808 DAVIS AVE,PITTSBURGH,ALLEGHENY COUNTY,PA,15212.0,40.4800278,-80.04238120000001,24724,0
691,639,42003191900,537 ROSSMORE AVE,PITTSBURGH,ALLEGHENY COUNTY,PA,15226.0,40.3974726,-80.0212796,786,0
692,644,42003271500,1120 HODGKISS ST,PITTSBURGH,ALLEGHENY COUNTY,PA,15212.0,40.4679533,-80.02599479999999,2034,0
693,645,42003320700,2508 LIBRARY RD,PITTSBURGH,ALLEGHENY COUNTY,PA,15234.0,40.381831,-79.99782049999999,64034,0
694,651,42003262000,41 ROSTOCK ST,PITTSBURGH,ALLEGHENY COUNTY,PA,15212.0,40.4614402,-79.9972755,46,0
695,652,42003140300,6708 WILKINS AVE,PITTSBURGH,ALLEGHENY COUNTY,PA,15217.0,40.44578,-79.9138521,62110,0
696,654,42003090100,4827 BUTLER ST,PITTSBURGH,ALLEGHENY COUNTY,PA,15201.0,40.47659,-79.9576848,21942,0
697,658,42003270100,1927 MORRELL ST,PITTSBURGH,ALLEGHENY COUNTY,PA,15212.0,40.4826334,-80.04292209999998,21174,0
698,663,42003561600,320 FLACK ST,PITTSBURGH,ALLEGHENY COUNTY,PA,15210.0,40.415372999999995,-79.97154350000001,60553,0
699,666,42003270800,4000 KLEBER ST,PITTSBURGH,ALLEGHENY COUNTY,PA,15212.0,40.4893246,-80.0378748,8421,0
700,667,42003060300,3629 CHARLOTTE ST,PITTSBURGH,ALLEGHENY COUNTY,PA,15201.0,40.4662494,-79.9660723,22676,0
701,671,42003120400,524 LARIMER AVE APT 223,PITTSBURGH,ALLEGHENY COUNTY,PA,15206.0,40.464699700000004,-79.91264059999999,22916,0
702,675,42003562500,2952 STAFFORD ST,PITTSBURGH,ALLEGHENY COUNTY,PA,15204.0,40.4568646,-80.0503365,1640,0
703,678,42003141400,6362 MONITOR ST,PITTSBURGH,ALLEGHENY COUNTY,PA,15217.0,40.4248327,-79.9220177,61014,0
704,682,42003271500,3001 VENSEL WAY,PITTSBURGH,ALLEGHENY COUNTY,PA,15212.0,40.4724106,-80.02921500000001,19908,0
705,683,42003563000,1647 BELHURST AVE,PITTSBURGH,ALLEGHENY COUNTY,PA,15204.0,40.4570755,-80.0791604,89824,0
706,684,42003563200,1020 CHESTNUT ST,PITTSBURGH,ALLEGHENY COUNTY,PA,15212.0,40.45703889999999,-79.9949564,65114,0
707,686,42003020100,965 LIBERTY AVE,PITTSBURGH,ALLEGHENY COUNTY,PA,15222.0,40.4436209,-79.99623259999998,1522,0
708,689,42003090200,308 45TH ST,PITTSBURGH,ALLEGHENY COUNTY,PA,15201.0,40.4696161,-79.95615409999999,59855,0
709,691,42003562300,5421 GLENWOOD AVE,PITTSBURGH,ALLEGHENY COUNTY,PA,15207.0,40.4032506,-79.9379512,11529,0
710,692,42003170200,1605 E CARSON ST,PITTSBURGH,ALLEGHENY COUNTY,PA,15203.0,40.4291559,-79.9823562,10802,0
711,693,42003101400,7226 WITHERSPOON ST,PITTSBURGH,ALLEGHENY COUNTY,PA,15206.0,40.487036200000006,-79.92272940000001,93061,0
712,696,42003130600,2417 PARK HILL DR,PITTSBURGH,ALLEGHENY COUNTY,PA,15221.0,40.4564381,-79.8737574,51540,0
713,698,42003281500,1603 CUMBERLAND ST,PITTSBURGH,ALLEGHENY COUNTY,PA,15205.0,40.4403391,-80.0601316,10239,0
714,701,42003563100,1056 KEARNS AVE,PITTSBURGH,ALLEGHENY COUNTY,PA,15220.0,40.430372799999994,-80.04403620000001,62279,0
715,702,42003320600,1222 BELLAIRE PL,PITTSBURGH,ALLEGHENY COUNTY,PA,15226.0,40.392841600000004,-80.0109925,11138,0
716,703,42003180700,449 IBERIA ST,PITTSBURGH,ALLEGHENY COUNTY,PA,15211.0,40.4246971,-79.99977249999999,12663,0
717,706,42003111300,634 COLLINS AVE,PITTSBURGH,ALLEGHENY COUNTY,PA,15206.0,40.4669829,-79.9176723,8282,0
718,707,42003110600,6471 JACKSON ST,PITTSBURGH,ALLEGHENY COUNTY,PA,15206.0,40.4722716,-79.9131564,11603,0
719,710,42003060300,3721 MINTWOOD ST,PITTSBURGH,ALLEGHENY COUNTY,PA,15201.0,40.4638469,-79.9616352,58731,0
720,712,42003030500,1815 CLIFF ST,PITTSBURGH,ALLEGHENY COUNTY,PA,15219.0,40.4469636,-79.9844315,16587,0
721,713,42003130100,1060 WHEELER ST,PITTSBURGH,ALLEGHENY COUNTY,PA,15208.0,40.4572434,-79.8841666,8947,0
722,714,42003130300,7413 TIOGA ST,PITTSBURGH,ALLEGHENY COUNTY,PA,15208.0,40.4534016,-79.89395350000001,36083,0
723,715,42003191500,135 LELIA ST,PITTSBURGH,ALLEGHENY COUNTY,PA,15211.0,40.4231068,-80.0102662,80352,0
724,717,42003090300,4631 CARROLL ST,PITTSBURGH,ALLEGHENY COUNTY,PA,15224.0,40.465284600000004,-79.9489367,95634,0
725,718,42003111500,128 N HIGHLAND AVE,PITTSBURGH,ALLEGHENY COUNTY,PA,15206.0,40.4620118,-79.9238473,95634,0
726,720,42003040500,220 OAKLAND AVE,PITTSBURGH,ALLEGHENY COUNTY,PA,15213.0,40.4395532,-79.9550962,261,0
727,721,42003170200,1101 BRADISH ST,PITTSBURGH,ALLEGHENY COUNTY,PA,15203.0,40.427448999999996,-79.9869094,56347,0
728,727,42003100500,4272 STANTON AVE,PITTSBURGH,ALLEGHENY COUNTY,PA,15201.0,40.4784911,-79.9435215,2407,0
729,729,42003080700,356 S NEGLEY AVE,PITTSBURGH,ALLEGHENY COUNTY,PA,15232.0,40.459550899999996,-79.933643,58026,0
